CD_SENADOR;NM_UF;NM_SENADOR;AN_ELEICAO;SG_PARTIDO;QT_VOTACAO_NOMINAL;QT_POPULACAO_UF;CS_SEXO;AN_REFERENCIA;QT_TIPO_DESPESA;QT_FORNECEDOR;DT_NASC;QT_ANOS_IDADE;VL_REEMBOLSADO;QT_MATERIAS_PUBL;QT_RELATORIA;QT_COMISSOES;QT_MEDIA_DIAS_COMISSAO
17;SP;EDUARDO SUPLICY;2006;PT;8986803;45094866;MASCULINO;2013;6;86;21/06/1941;77;188533,3;153;41;14;379,28571
17;SP;EDUARDO SUPLICY;2006;PT;8986803;45094866;MASCULINO;2012;6;88;21/06/1941;77;176254,13;113;25;2;625
17;SP;EDUARDO SUPLICY;2006;PT;8986803;45094866;MASCULINO;2011;5;53;21/06/1941;77;82675;73;42;9;829,6
17;SP;EDUARDO SUPLICY;2006;PT;8986803;45094866;MASCULINO;2015;2;2;21/06/1941;77;20304,23;;;;
17;SP;EDUARDO SUPLICY;2006;PT;8986803;45094866;MASCULINO;2014;4;47;21/06/1941;77;193615,45;111;16;4;129,5
20;MA;EPITÁCIO CAFETEIRA;2006;PTB;1016240;7000229;MASCULINO;2015;1;4;27/06/1924;94;1865,95;;;;
20;MA;EPITÁCIO CAFETEIRA;2006;PTB;1016240;7000229;MASCULINO;2012;4;13;27/06/1924;94;245891,95;5;;1;45
20;MA;EPITÁCIO CAFETEIRA;2006;PTB;1016240;7000229;MASCULINO;2011;3;11;27/06/1924;94;209501,16;5;;;
20;MA;EPITÁCIO CAFETEIRA;2006;PTB;1016240;7000229;MASCULINO;2014;2;5;27/06/1924;94;24432,01;5;;;
20;MA;EPITÁCIO CAFETEIRA;2006;PTB;1016240;7000229;MASCULINO;2013;3;8;27/06/1924;94;138901,59;10;;1;20
47;AP;JOSÉ SARNEY;2006;PMDB;152486;797722;MASCULINO;2012;1;1;24/04/1930;88;51102;15;1;1;45
47;AP;JOSÉ SARNEY;2006;PMDB;152486;797722;MASCULINO;2011;2;2;24/04/1930;88;42000;44;1;1;730
47;AP;JOSÉ SARNEY;2006;PMDB;152486;797722;MASCULINO;2013;1;2;24/04/1930;88;3759,93;23;1;1;53
68;RS;PEDRO SIMON;2006;PMDB;1862560;11322895;MASCULINO;2014;2;4;31/01/1930;89;124283,67;51;6;;
68;RS;PEDRO SIMON;2006;PMDB;1862560;11322895;MASCULINO;2012;1;3;31/01/1930;89;44374,35;53;15;3;454,33333
68;RS;PEDRO SIMON;2006;PMDB;1862560;11322895;MASCULINO;2011;1;5;31/01/1930;89;27569,46;36;23;8;524,125
68;RS;PEDRO SIMON;2006;PMDB;1862560;11322895;MASCULINO;2013;2;5;31/01/1930;89;81312,76;81;12;7;375,5
68;RS;PEDRO SIMON;2006;PMDB;1862560;11322895;MASCULINO;2015;1;2;31/01/1930;89;8767;;;;
394;MG;ELISEU RESENDE;2006;PFL;5055491;21119536;MASCULINO;;;;;;;;;;
527;MS;MARISA SERRANO;2006;PSDB;607584;2713147;FEMININO;2011;5;80;21/06/1947;71;92964,02;19;1;11;55,555556
613;CE;INÁCIO ARRUDA;2006;PC DO B;1912663;9020460;MASCULINO;2015;5;24;05/05/1957;61;32604,19;;;;
613;CE;INÁCIO ARRUDA;2006;PC DO B;1912663;9020460;MASCULINO;2014;6;69;05/05/1957;61;348355,43;82;7;11;135,36364
613;CE;INÁCIO ARRUDA;2006;PC DO B;1912663;9020460;MASCULINO;2011;6;64;05/05/1957;61;294303,59;82;31;12;588,8125
613;CE;INÁCIO ARRUDA;2006;PC DO B;1912663;9020460;MASCULINO;2013;6;81;05/05/1957;61;409769,3;113;16;18;358,61111
613;CE;INÁCIO ARRUDA;2006;PC DO B;1912663;9020460;MASCULINO;2012;6;70;05/05/1957;61;351549,52;65;24;4;481,75
765;RJ;FRANCISCO DORNELLES;2006;PP;3373731;16718956;FEMININO;2014;4;11;07/01/1935;84;364418,53;14;10;6;103,83333
765;RJ;FRANCISCO DORNELLES;2006;PP;3373731;16718956;FEMININO;2012;5;65;07/01/1935;84;373371,23;49;28;3;468,33333
765;RJ;FRANCISCO DORNELLES;2006;PP;3373731;16718956;FEMININO;2011;5;79;07/01/1935;84;291635,44;46;37;9;846,88889
765;RJ;FRANCISCO DORNELLES;2006;PP;3373731;16718956;FEMININO;2013;4;42;07/01/1935;84;373481,24;62;42;9;238,4
945;PR;ALVARO DIAS;2014;PSDB;4101848;11320892;MASCULINO;2015;2;10;07/12/1944;74;102747,38;176;19;9;306,75
945;PR;ALVARO DIAS;2014;PSDB;4101848;11320892;MASCULINO;2016;2;12;07/12/1944;74;132970,95;78;4;;
945;PR;ALVARO DIAS;2014;PSDB;4101848;11320892;MASCULINO;2011;2;7;07/12/1944;74;52466,46;161;26;7;422,8
945;PR;ALVARO DIAS;2014;PSDB;4101848;11320892;MASCULINO;2017;2;2;07/12/1944;74;118725,64;76;;1;14
945;PR;ALVARO DIAS;2014;PSDB;4101848;11320892;MASCULINO;2012;1;8;07/12/1944;74;99250,69;133;32;4;323
945;PR;ALVARO DIAS;2014;PSDB;4101848;11320892;MASCULINO;2013;1;4;07/12/1944;74;109892,18;110;26;13;281,85714
945;PR;ALVARO DIAS;2014;PSDB;4101848;11320892;MASCULINO;2014;1;4;07/12/1944;74;75377,23;67;9;6;111
945;PR;ÁLVARO DIAS;2006;PSDB;2572481;11320892;MASCULINO;2015;2;10;07/12/1944;74;102747,38;176;19;9;306,75
945;PR;ÁLVARO DIAS;2006;PSDB;2572481;11320892;MASCULINO;2016;2;12;07/12/1944;74;132970,95;78;4;;
945;PR;ÁLVARO DIAS;2006;PSDB;2572481;11320892;MASCULINO;2011;2;7;07/12/1944;74;52466,46;161;26;7;422,8
945;PR;ÁLVARO DIAS;2006;PSDB;2572481;11320892;MASCULINO;2017;2;2;07/12/1944;74;118725,64;76;;1;14
945;PR;ÁLVARO DIAS;2006;PSDB;2572481;11320892;MASCULINO;2012;1;8;07/12/1944;74;99250,69;133;32;4;323
945;PR;ÁLVARO DIAS;2006;PSDB;2572481;11320892;MASCULINO;2013;1;4;07/12/1944;74;109892,18;110;26;13;281,85714
945;PR;ÁLVARO DIAS;2006;PSDB;2572481;11320892;MASCULINO;2014;1;4;07/12/1944;74;75377,23;67;9;6;111
952;RR;MOZARILDO CAVALCANTI;2006;PTB;98860;522636;MASCULINO;2011;7;197;11/06/1944;74;448390,48;55;50;14;540,42857
952;RR;MOZARILDO CAVALCANTI;2006;PTB;98860;522636;MASCULINO;2012;7;169;11/06/1944;74;464182,08;57;25;11;376,92308
952;RR;MOZARILDO CAVALCANTI;2006;PTB;98860;522636;MASCULINO;2013;7;91;11/06/1944;74;345285,21;55;27;8;316,6
952;RR;MOZARILDO CAVALCANTI;2006;PTB;98860;522636;MASCULINO;2014;6;55;11/06/1944;74;488693,4;67;9;12;157,61538
982;AC;TIÃO VIANA;2006;PT;187321;829.619;MASCULINO;;;;;;;;;;
1023;SE;MARIA DO CARMO;2014;DEM;448102;2288116;FEMININO;2013;3;12;23/08/1941;77;159340,95;39;16;4;618,75
1023;SE;MARIA DO CARMO;2014;DEM;448102;2288116;FEMININO;2016;2;2;23/08/1941;77;2252,4;3;2;;
1023;SE;MARIA DO CARMO;2014;DEM;448102;2288116;FEMININO;2017;3;22;23/08/1941;77;188979,01;30;7;3;22,333333
1023;SE;MARIA DO CARMO;2014;DEM;448102;2288116;FEMININO;2015;3;9;23/08/1941;77;110360,08;116;13;12;294,69231
1023;SE;MARIA DO CARMO;2014;DEM;448102;2288116;FEMININO;2011;3;11;23/08/1941;77;104929,56;17;15;13;677,17647
1023;SE;MARIA DO CARMO;2014;DEM;448102;2288116;FEMININO;2014;3;12;23/08/1941;77;102850,17;44;9;3;266,66667
1023;SE;MARIA DO CARMO;2014;DEM;448102;2288116;FEMININO;2012;3;15;23/08/1941;77;99695,71;24;31;;
1023;SE;MARIA DO CARMO ALVES;2006;PFL;468546;2288116;FEMININO;2013;3;12;23/08/1941;77;159340,95;39;16;4;618,75
1023;SE;MARIA DO CARMO ALVES;2006;PFL;468546;2288116;FEMININO;2016;2;2;23/08/1941;77;2252,4;3;2;;
1023;SE;MARIA DO CARMO ALVES;2006;PFL;468546;2288116;FEMININO;2017;3;22;23/08/1941;77;188979,01;30;7;3;22,333333
1023;SE;MARIA DO CARMO ALVES;2006;PFL;468546;2288116;FEMININO;2015;3;9;23/08/1941;77;110360,08;116;13;12;294,69231
1023;SE;MARIA DO CARMO ALVES;2006;PFL;468546;2288116;FEMININO;2011;3;11;23/08/1941;77;104929,56;17;15;13;677,17647
1023;SE;MARIA DO CARMO ALVES;2006;PFL;468546;2288116;FEMININO;2014;3;12;23/08/1941;77;102850,17;44;9;3;266,66667
1023;SE;MARIA DO CARMO ALVES;2006;PFL;468546;2288116;FEMININO;2012;3;15;23/08/1941;77;99695,71;24;31;;
1189;RO;EXPEDITO JÚNIOR;2006;PPS;267728;1805788;MASCULINO;;;;;;;;;;
1206;SC;RAIMUNDO COLOMBO;2006;PFL;1734794;7001161;MASCULINO;;;;;;;;;;
1249;TO;KATIA ABREU;2014;PMDB;282052;1550194;FEMININO;2017;6;31;02/02/1962;57;265779,61;36;12;4;125,75
1249;TO;KATIA ABREU;2014;PMDB;282052;1550194;FEMININO;2012;6;55;02/02/1962;57;179270,02;16;10;12;199,33333
1249;TO;KATIA ABREU;2014;PMDB;282052;1550194;FEMININO;2014;7;44;02/02/1962;57;302582,4;20;11;1;325
1249;TO;KATIA ABREU;2014;PMDB;282052;1550194;FEMININO;2016;5;42;02/02/1962;57;111441,26;14;13;7;189
1249;TO;KATIA ABREU;2014;PMDB;282052;1550194;FEMININO;2011;7;77;02/02/1962;57;247709,68;19;16;7;78,769231
1249;TO;KATIA ABREU;2014;PMDB;282052;1550194;FEMININO;2013;7;43;02/02/1962;57;255183,61;27;16;17;333,07143
1249;TO;KÁTIA ABREU;2006;PFL;325051;1550194;FEMININO;2017;6;31;02/02/1962;57;265779,61;36;12;4;125,75
1249;TO;KÁTIA ABREU;2006;PFL;325051;1550194;FEMININO;2012;6;55;02/02/1962;57;179270,02;16;10;12;199,33333
1249;TO;KÁTIA ABREU;2006;PFL;325051;1550194;FEMININO;2014;7;44;02/02/1962;57;302582,4;20;11;1;325
1249;TO;KÁTIA ABREU;2006;PFL;325051;1550194;FEMININO;2016;5;42;02/02/1962;57;111441,26;14;13;7;189
1249;TO;KÁTIA ABREU;2006;PFL;325051;1550194;FEMININO;2011;7;77;02/02/1962;57;247709,68;19;16;7;78,769231
1249;TO;KÁTIA ABREU;2006;PFL;325051;1550194;FEMININO;2013;7;43;02/02/1962;57;255183,61;27;16;17;333,07143
3868;ES;RENATO CASAGRANDE;2006;PSB;1031487;4016356;MASCULINO;;;;;;;;;;
4525;AL;FERNANDO COLLOR DE MELLO;2014;PTB;689266;3375823;MASCULINO;2011;4;28;12/08/1949;69;398082,24;29;1;9;480,77778
4525;AL;FERNANDO COLLOR DE MELLO;2014;PTB;689266;3375823;MASCULINO;2015;2;2;12/08/1949;69;420674,4;45;;13;235,625
4525;AL;FERNANDO COLLOR DE MELLO;2014;PTB;689266;3375823;MASCULINO;2014;3;3;12/08/1949;69;420674,39;19;1;;
4525;AL;FERNANDO COLLOR DE MELLO;2014;PTB;689266;3375823;MASCULINO;2017;3;4;12/08/1949;69;344574,25;27;1;5;13,666667
4525;AL;FERNANDO COLLOR DE MELLO;2014;PTB;689266;3375823;MASCULINO;2013;4;6;12/08/1949;69;420674,4;39;;5;477,57143
4525;AL;FERNANDO COLLOR DE MELLO;2014;PTB;689266;3375823;MASCULINO;2012;6;38;12/08/1949;69;420617,89;18;7;7;320,75
4525;AL;FERNANDO COLLOR DE MELLO;2014;PTB;689266;3375823;MASCULINO;2016;2;2;12/08/1949;69;420471,01;2;;3;73,333333
4525;AL;FERNANDO COLLOR;2006;PRTB;550725;3375823;MASCULINO;2011;4;28;12/08/1949;69;398082,24;29;1;9;480,77778
4525;AL;FERNANDO COLLOR;2006;PRTB;550725;3375823;MASCULINO;2015;2;2;12/08/1949;69;420674,4;45;;13;235,625
4525;AL;FERNANDO COLLOR;2006;PRTB;550725;3375823;MASCULINO;2014;3;3;12/08/1949;69;420674,39;19;1;;
4525;AL;FERNANDO COLLOR;2006;PRTB;550725;3375823;MASCULINO;2017;3;4;12/08/1949;69;344574,25;27;1;5;13,666667
4525;AL;FERNANDO COLLOR;2006;PRTB;550725;3375823;MASCULINO;2013;4;6;12/08/1949;69;420674,4;39;;5;477,57143
4525;AL;FERNANDO COLLOR;2006;PRTB;550725;3375823;MASCULINO;2012;6;38;12/08/1949;69;420617,89;18;7;7;320,75
4525;AL;FERNANDO COLLOR;2006;PRTB;550725;3375823;MASCULINO;2016;2;2;12/08/1949;69;420471,01;2;;3;73,333333
4527;AM;ALFREDO NASCIMENTO;2006;PL;629238;4063614;MASCULINO;2013;4;11;05/05/1952;66;327838,22;57;47;15;237,72222
4527;AM;ALFREDO NASCIMENTO;2006;PL;629238;4063614;MASCULINO;2015;2;4;05/05/1952;66;20083,63;;;;
4527;AM;ALFREDO NASCIMENTO;2006;PL;629238;4063614;MASCULINO;2011;2;6;05/05/1952;66;66410,39;5;18;2;131
4527;AM;ALFREDO NASCIMENTO;2006;PL;629238;4063614;MASCULINO;2012;5;11;05/05/1952;66;193696,51;24;63;4;359,2
4527;AM;ALFREDO NASCIMENTO;2006;PL;629238;4063614;MASCULINO;2014;3;9;05/05/1952;66;229497,37;37;14;12;39,416667
4529;PB;CÍCERO LUCENA;2006;PSDB;803600;4025558;MASCULINO;2014;4;17;05/08/1957;61;421884,28;55;27;3;210,33333
4529;PB;CÍCERO LUCENA;2006;PSDB;803600;4025558;MASCULINO;2012;4;18;05/08/1957;61;414116,31;45;45;5;652,4
4529;PB;CÍCERO LUCENA;2006;PSDB;803600;4025558;MASCULINO;2015;2;3;05/08/1957;61;11768,01;;;;
4529;PB;CÍCERO LUCENA;2006;PSDB;803600;4025558;MASCULINO;2013;4;21;05/08/1957;61;415508,17;115;83;12;482,61538
4529;PB;CÍCERO LUCENA;2006;PSDB;803600;4025558;MASCULINO;2011;4;20;05/08/1957;61;354124,2;42;29;15;512,77273
4531;MT;JAIME CAMPOS;2006;PFL;781182;3344544;MASCULINO;2013;5;35;13/09/1951;67;178676,92;51;7;13;321,07692
4531;MT;JAIME CAMPOS;2006;PFL;781182;3344544;MASCULINO;2012;5;30;13/09/1951;67;225470,44;58;13;8;341,33333
4531;MT;JAIME CAMPOS;2006;PFL;781182;3344544;MASCULINO;2014;4;21;13/09/1951;67;162756,4;49;8;15;219,53333
4531;MT;JAIME CAMPOS;2006;PFL;781182;3344544;MASCULINO;2011;6;35;13/09/1951;67;183046,05;26;10;10;288,41176
4531;MT;JAIME CAMPOS;2006;PFL;781182;3344544;MASCULINO;2015;2;2;13/09/1951;67;7991,79;;;;
4533;DF;JOAQUIM RORIZ;2006;PMDB;657217;3039444;MASCULINO;;;;;;;;;;
4535;GO;MARCONI PERILLO;2006;PSDB;2035564;6778772;MASCULINO;;;;;;;;;;
4537;BA;JOÃO DURVAL;2006;PDT;2655552;15344447;MASCULINO;2011;6;50;08/05/1929;89;300252,9;16;14;5;719,66667
4537;BA;JOÃO DURVAL;2006;PDT;2655552;15344447;MASCULINO;2012;6;44;08/05/1929;89;305857,34;24;;;
4537;BA;JOÃO DURVAL;2006;PDT;2655552;15344447;MASCULINO;2013;6;73;08/05/1929;89;341691,8;32;3;1;261
4537;BA;JOÃO DURVAL;2006;PDT;2655552;15344447;MASCULINO;2014;6;41;08/05/1929;89;351133,08;10;;2;184,5
4537;BA;JOÃO DURVAL;2006;PDT;2655552;15344447;MASCULINO;2015;3;6;08/05/1929;89;17998,64;;;;
4539;PA;MÁRIO COUTO;2006;PSDB;1456459;8366628;MASCULINO;2012;6;214;14/01/1946;73;373781,26;46;;;
4539;PA;MÁRIO COUTO;2006;PSDB;1456459;8366628;MASCULINO;2014;4;67;14/01/1946;73;227118,38;29;1;8;106,125
4539;PA;MÁRIO COUTO;2006;PSDB;1456459;8366628;MASCULINO;2015;2;4;14/01/1946;73;4016,6;;;;
4539;PA;MÁRIO COUTO;2006;PSDB;1456459;8366628;MASCULINO;2013;4;115;14/01/1946;73;430145,89;68;;9;289,33333
4539;PA;MÁRIO COUTO;2006;PSDB;1456459;8366628;MASCULINO;2011;6;176;14/01/1946;73;308069,92;24;;3;183,6
4541;PI;JOÃO VICENTE CLAUDINO;2006;PTB;926631;3219257;MASCULINO;2014;6;25;09/02/1963;56;427429,92;22;5;7;68
4541;PI;JOÃO VICENTE CLAUDINO;2006;PTB;926631;3219257;MASCULINO;2015;5;9;09/02/1963;56;38834,45;;;;
4541;PI;JOÃO VICENTE CLAUDINO;2006;PTB;926631;3219257;MASCULINO;2012;6;34;09/02/1963;56;450945,51;40;15;13;322,23077
4541;PI;JOÃO VICENTE CLAUDINO;2006;PTB;926631;3219257;MASCULINO;2013;6;32;09/02/1963;56;443092;41;11;13;491
4541;PI;JOÃO VICENTE CLAUDINO;2006;PTB;926631;3219257;MASCULINO;2011;6;27;09/02/1963;56;270034,12;27;40;15;420,53333
4543;RN;ROSALBA CIARLINI;2006;PFL;645869;3507003;MASCULINO;;;;;;;;;;
4545;PE;JARBAS VASCONCELOS;2006;PMDB;2031261;9473266;MASCULINO;2013;5;56;23/08/1942;76;316669,97;61;5;4;371,25
4545;PE;JARBAS VASCONCELOS;2006;PMDB;2031261;9473266;MASCULINO;2012;7;54;23/08/1942;76;297441,61;35;5;1;239
4545;PE;JARBAS VASCONCELOS;2006;PMDB;2031261;9473266;MASCULINO;2015;5;22;23/08/1942;76;21775,93;;;;
4545;PE;JARBAS VASCONCELOS;2006;PMDB;2031261;9473266;MASCULINO;2014;5;52;23/08/1942;76;309039,31;35;;1;325
4545;PE;JARBAS VASCONCELOS;2006;PMDB;2031261;9473266;MASCULINO;2011;6;53;23/08/1942;76;258118,17;18;1;6;366,16667
3;SE;ANTONIO CARLOS VALADARES;2010;PSB;476549;2288116;MASCULINO;2012;5;13;06/04/1943;76;233111,02;104;21;8;523,5
3;SE;ANTONIO CARLOS VALADARES;2010;PSB;476549;2288116;MASCULINO;2011;5;13;06/04/1943;76;171749,47;75;42;15;572,82609
3;SE;ANTONIO CARLOS VALADARES;2010;PSB;476549;2288116;MASCULINO;2015;6;24;06/04/1943;76;333416,49;195;21;7;252,66667
3;SE;ANTONIO CARLOS VALADARES;2010;PSB;476549;2288116;MASCULINO;2016;5;17;06/04/1943;76;265583,27;80;14;4;253
3;SE;ANTONIO CARLOS VALADARES;2010;PSB;476549;2288116;MASCULINO;2017;6;34;06/04/1943;76;347111,89;66;18;8;116,16667
3;SE;ANTONIO CARLOS VALADARES;2010;PSB;476549;2288116;MASCULINO;2013;5;28;06/04/1943;76;312925,7;98;15;7;425,55556
3;SE;ANTONIO CARLOS VALADARES;2010;PSB;476549;2288116;MASCULINO;2014;6;18;06/04/1943;76;244180,47;66;20;4;180,75
16;MA;EDISON LOBÃO;2010;PMDB;1702085;7000229;MASCULINO;;;;;;;;;;
35;PA;JADER FONTENELLE BARBALHO;2010;PMDB;1799762;8366628;MASCULINO;;;;;;;;;;
40;RN;JOSÉ AGRIPINO MAIA;2010;DEM;958891;3507003;MASCULINO;2011;7;22;23/05/1945;73;245001,64;18;38;13;648,94737
40;RN;JOSÉ AGRIPINO MAIA;2010;DEM;958891;3507003;MASCULINO;2015;6;14;23/05/1945;73;288272,01;119;19;12;536,84615
40;RN;JOSÉ AGRIPINO MAIA;2010;DEM;958891;3507003;MASCULINO;2012;6;16;23/05/1945;73;275920,43;66;27;2;655,5
40;RN;JOSÉ AGRIPINO MAIA;2010;DEM;958891;3507003;MASCULINO;2014;7;16;23/05/1945;73;284412,29;44;19;6;51
40;RN;JOSÉ AGRIPINO MAIA;2010;DEM;958891;3507003;MASCULINO;2017;7;13;23/05/1945;73;300882,35;31;18;3;8
40;RN;JOSÉ AGRIPINO MAIA;2010;DEM;958891;3507003;MASCULINO;2013;7;16;23/05/1945;73;262217,55;74;40;8;307,25
40;RN;JOSÉ AGRIPINO MAIA;2010;DEM;958891;3507003;MASCULINO;2016;7;14;23/05/1945;73;306939,26;47;18;1;163
70;AL;JOSÉ RENAN VASCONCELOS CALHEIROS;2010;PMDB;840809;3375823;MASCULINO;2016;4;8;16/09/1955;63;67359,63;6;;;
70;AL;JOSÉ RENAN VASCONCELOS CALHEIROS;2010;PMDB;840809;3375823;MASCULINO;2017;5;19;16/09/1955;63;160845,77;23;;7;28,571429
70;AL;JOSÉ RENAN VASCONCELOS CALHEIROS;2010;PMDB;840809;3375823;MASCULINO;2015;1;4;16/09/1955;63;39628,87;20;3;1;732
70;AL;JOSÉ RENAN VASCONCELOS CALHEIROS;2010;PMDB;840809;3375823;MASCULINO;2012;6;33;16/09/1955;63;321013,29;32;10;4;223,6
70;AL;JOSÉ RENAN VASCONCELOS CALHEIROS;2010;PMDB;840809;3375823;MASCULINO;2011;5;70;16/09/1955;63;256160,83;18;30;6;421,77778
70;AL;JOSÉ RENAN VASCONCELOS CALHEIROS;2010;PMDB;840809;3375823;MASCULINO;2014;5;11;16/09/1955;63;145908,25;9;;;
70;AL;JOSÉ RENAN VASCONCELOS CALHEIROS;2010;PMDB;840809;3375823;MASCULINO;2013;6;30;16/09/1955;63;162212,48;15;;1;729
72;PR;ROBERTO REQUIÃO DE MELLO E SILVA;2010;PMDB;2691557;11320892;MASCULINO;2011;7;96;05/03/1941;78;159430,39;32;30;10;591,81818
72;PR;ROBERTO REQUIÃO DE MELLO E SILVA;2010;PMDB;2691557;11320892;MASCULINO;2015;7;148;05/03/1941;78;373661,75;85;13;8;348,4
72;PR;ROBERTO REQUIÃO DE MELLO E SILVA;2010;PMDB;2691557;11320892;MASCULINO;2016;7;89;05/03/1941;78;309428,14;45;6;1;42
72;PR;ROBERTO REQUIÃO DE MELLO E SILVA;2010;PMDB;2691557;11320892;MASCULINO;2017;6;80;05/03/1941;78;354075,14;52;13;4;13
72;PR;ROBERTO REQUIÃO DE MELLO E SILVA;2010;PMDB;2691557;11320892;MASCULINO;2013;7;241;05/03/1941;78;350101,54;58;26;11;454,85714
72;PR;ROBERTO REQUIÃO DE MELLO E SILVA;2010;PMDB;2691557;11320892;MASCULINO;2012;7;208;05/03/1941;78;339696,23;61;15;2;522
72;PR;ROBERTO REQUIÃO DE MELLO E SILVA;2010;PMDB;2691557;11320892;MASCULINO;2014;7;179;05/03/1941;78;334187,38;52;16;;
73;RR;ROMERO JUCA FILHO;2010;PMDB;118481;522636;MASCULINO;2011;7;83;30/11/1954;64;355829,47;56;51;10;709,36364
73;RR;ROMERO JUCA FILHO;2010;PMDB;118481;522636;MASCULINO;2016;6;32;30/11/1954;64;446448,98;33;29;7;139,33333
73;RR;ROMERO JUCA FILHO;2010;PMDB;118481;522636;MASCULINO;2014;6;37;30/11/1954;64;374984,18;40;59;6;114,33333
73;RR;ROMERO JUCA FILHO;2010;PMDB;118481;522636;MASCULINO;2015;6;42;30/11/1954;64;486574,44;108;92;20;419,2
73;RR;ROMERO JUCA FILHO;2010;PMDB;118481;522636;MASCULINO;2013;6;41;30/11/1954;64;342656,66;57;51;19;409,47619
73;RR;ROMERO JUCA FILHO;2010;PMDB;118481;522636;MASCULINO;2017;6;48;30/11/1954;64;483935,67;80;26;5;114,4
73;RR;ROMERO JUCA FILHO;2010;PMDB;118481;522636;MASCULINO;2012;7;35;30/11/1954;64;387397,03;54;53;7;250,71429
111;MT;BLAIRO BORGES MAGGI;2010;PR;1073039;3344544;MASCULINO;2014;4;16;29/05/1956;62;71008,47;19;29;14;151,21429
111;MT;BLAIRO BORGES MAGGI;2010;PR;1073039;3344544;MASCULINO;2015;6;24;29/05/1956;62;154411,42;166;50;19;263,69565
111;MT;BLAIRO BORGES MAGGI;2010;PR;1073039;3344544;MASCULINO;2011;5;61;29/05/1956;62;147846,28;60;42;12;332,70588
111;MT;BLAIRO BORGES MAGGI;2010;PR;1073039;3344544;MASCULINO;2013;6;37;29/05/1956;62;216752,81;72;23;16;246,52941
111;MT;BLAIRO BORGES MAGGI;2010;PR;1073039;3344544;MASCULINO;2016;5;16;29/05/1956;62;108393,18;25;3;;
111;MT;BLAIRO BORGES MAGGI;2010;PR;1073039;3344544;MASCULINO;2012;6;44;29/05/1956;62;135990,85;64;24;12;369,76471
391;MG;AÉCIO NEVES DA CUNHA;2010;PSDB;7565377;21119536;MASCULINO;2013;4;70;10/03/1960;59;285341,44;101;;;
391;MG;AÉCIO NEVES DA CUNHA;2010;PSDB;7565377;21119536;MASCULINO;2011;4;22;10/03/1960;59;180990,41;46;20;10;397,83333
391;MG;AÉCIO NEVES DA CUNHA;2010;PSDB;7565377;21119536;MASCULINO;2016;6;38;10/03/1960;59;295335,85;48;;;
391;MG;AÉCIO NEVES DA CUNHA;2010;PSDB;7565377;21119536;MASCULINO;2015;5;34;10/03/1960;59;268011,78;98;2;3;213,5
391;MG;AÉCIO NEVES DA CUNHA;2010;PSDB;7565377;21119536;MASCULINO;2012;4;38;10/03/1960;59;252715,42;58;13;;
391;MG;AÉCIO NEVES DA CUNHA;2010;PSDB;7565377;21119536;MASCULINO;2017;7;39;10/03/1960;59;213285,69;12;3;1;126
391;MG;AÉCIO NEVES DA CUNHA;2010;PSDB;7565377;21119536;MASCULINO;2014;4;22;10/03/1960;59;214075,14;21;1;;
558;AM;VANESSA GRAZZIOTIN;2010;PC DO B;672920;4063614;FEMININO;2017;6;61;29/06/1961;57;503429,09;261;22;12;175,91667
558;AM;VANESSA GRAZZIOTIN;2010;PC DO B;672920;4063614;FEMININO;2016;6;58;29/06/1961;57;477079,76;166;13;2;256,5
558;AM;VANESSA GRAZZIOTIN;2010;PC DO B;672920;4063614;FEMININO;2014;6;68;29/06/1961;57;487593,41;283;39;11;158,18182
558;AM;VANESSA GRAZZIOTIN;2010;PC DO B;672920;4063614;FEMININO;2011;6;162;29/06/1961;57;383584,68;266;40;22;688,76923
558;AM;VANESSA GRAZZIOTIN;2010;PC DO B;672920;4063614;FEMININO;2013;6;128;29/06/1961;57;515969,34;288;51;12;408,83333
558;AM;VANESSA GRAZZIOTIN;2010;PC DO B;672920;4063614;FEMININO;2012;6;115;29/06/1961;57;399513,35;263;36;11;543,90909
558;AM;VANESSA GRAZZIOTIN;2010;PC DO B;672920;4063614;FEMININO;2015;6;64;29/06/1961;57;515107,17;298;26;25;465,28571
604;BA;WALTER DE FREITAS PINHEIRO;2010;PT;3630944;15344447;MASCULINO;2013;6;89;25/05/1959;59;233187,38;61;89;13;383,07692
604;BA;WALTER DE FREITAS PINHEIRO;2010;PT;3630944;15344447;MASCULINO;2016;5;33;25/05/1959;59;78455,02;28;2;;
604;BA;WALTER DE FREITAS PINHEIRO;2010;PT;3630944;15344447;MASCULINO;2011;5;75;25/05/1959;59;190093,04;88;80;8;728,625
604;BA;WALTER DE FREITAS PINHEIRO;2010;PT;3630944;15344447;MASCULINO;2012;6;73;25/05/1959;59;247767,63;77;83;4;345,8
604;BA;WALTER DE FREITAS PINHEIRO;2010;PT;3630944;15344447;MASCULINO;2014;4;51;25/05/1959;59;166183,39;52;35;5;18,2
604;BA;WALTER DE FREITAS PINHEIRO;2010;PT;3630944;15344447;MASCULINO;2015;5;46;25/05/1959;59;175530,91;138;74;14;338,64706
604;BA;WALTER DE FREITAS PINHEIRO;2010;PT;3630944;15344447;MASCULINO;2017;1;1;25/05/1959;59;3322,58;;;;
612;CE;EUNICIO LOPES DE OLIVEIRA;2010;PMDB;2688833;9020460;MASCULINO;;;;;;;;;;
615;CE;JOSE BARROSO PIMENTEL;2010;PT;2397851;9020460;MASCULINO;2017;6;127;16/10/1953;65;425858,82;65;39;2;151
615;CE;JOSE BARROSO PIMENTEL;2010;PT;2397851;9020460;MASCULINO;2014;5;93;16/10/1953;65;454502,15;44;36;6;176,16667
615;CE;JOSE BARROSO PIMENTEL;2010;PT;2397851;9020460;MASCULINO;2012;5;107;16/10/1953;65;415677,21;77;47;6;453
615;CE;JOSE BARROSO PIMENTEL;2010;PT;2397851;9020460;MASCULINO;2016;6;126;16/10/1953;65;379273,11;45;44;4;100,75
615;CE;JOSE BARROSO PIMENTEL;2010;PT;2397851;9020460;MASCULINO;2015;6;80;16/10/1953;65;457407,63;134;58;11;522,18182
615;CE;JOSE BARROSO PIMENTEL;2010;PT;2397851;9020460;MASCULINO;2011;6;117;16/10/1953;65;246319,08;28;73;9;908,36364
615;CE;JOSE BARROSO PIMENTEL;2010;PT;2397851;9020460;MASCULINO;2013;6;140;16/10/1953;65;453189,51;65;72;4;327,5
631;ES;MAGNO PEREIRA MALTA;2010;PR;1285177;4016356;MASCULINO;2011;5;34;16/10/1957;61;189353,96;23;21;7;285,38462
631;ES;MAGNO PEREIRA MALTA;2010;PR;1285177;4016356;MASCULINO;2015;6;17;16/10/1957;61;396910,09;97;14;9;466,77778
631;ES;MAGNO PEREIRA MALTA;2010;PR;1285177;4016356;MASCULINO;2017;5;15;16/10/1957;61;314224,38;44;11;2;4
631;ES;MAGNO PEREIRA MALTA;2010;PR;1285177;4016356;MASCULINO;2016;6;15;16/10/1957;61;378840,79;62;6;4;96
631;ES;MAGNO PEREIRA MALTA;2010;PR;1285177;4016356;MASCULINO;2014;6;24;16/10/1957;61;390399,38;21;5;;
631;ES;MAGNO PEREIRA MALTA;2010;PR;1285177;4016356;MASCULINO;2013;6;32;16/10/1957;61;397705,3;37;8;5;608
631;ES;MAGNO PEREIRA MALTA;2010;PR;1285177;4016356;MASCULINO;2012;4;42;16/10/1957;61;316086,76;37;12;5;385
635;ES;RICARDO DE REZENDE FERRACO;2010;PMDB;1557409;4016356;MASCULINO;2017;6;39;17/08/1963;55;339007,21;54;33;8;139,5
635;ES;RICARDO DE REZENDE FERRACO;2010;PMDB;1557409;4016356;MASCULINO;2012;6;18;17/08/1963;55;223393,37;70;68;7;452,57143
635;ES;RICARDO DE REZENDE FERRACO;2010;PMDB;1557409;4016356;MASCULINO;2014;6;31;17/08/1963;55;309739,22;119;36;8;161,5
635;ES;RICARDO DE REZENDE FERRACO;2010;PMDB;1557409;4016356;MASCULINO;2011;6;26;17/08/1963;55;156065,16;56;74;14;604,93333
635;ES;RICARDO DE REZENDE FERRACO;2010;PMDB;1557409;4016356;MASCULINO;2016;6;32;17/08/1963;55;279506,91;110;36;7;180,875
635;ES;RICARDO DE REZENDE FERRACO;2010;PMDB;1557409;4016356;MASCULINO;2013;6;31;17/08/1963;55;255532,04;122;38;24;434,91667
635;ES;RICARDO DE REZENDE FERRACO;2010;PMDB;1557409;4016356;MASCULINO;2015;6;44;17/08/1963;55;312880,76;193;62;12;351,46667
643;GO;LÚCIA VÂNIA ABRÃO COSTA;2010;PSDB;1496559;6778772;FEMININO;2012;7;47;15/10/1944;74;252542,4;37;22;4;530,25
643;GO;LÚCIA VÂNIA ABRÃO COSTA;2010;PSDB;1496559;6778772;FEMININO;2017;6;79;15/10/1944;74;253071,32;46;10;3;121,2
643;GO;LÚCIA VÂNIA ABRÃO COSTA;2010;PSDB;1496559;6778772;FEMININO;2014;6;40;15/10/1944;74;252542,4;43;25;4;192,75
643;GO;LÚCIA VÂNIA ABRÃO COSTA;2010;PSDB;1496559;6778772;FEMININO;2011;5;32;15/10/1944;74;219442,83;53;32;14;420,35
643;GO;LÚCIA VÂNIA ABRÃO COSTA;2010;PSDB;1496559;6778772;FEMININO;2016;6;89;15/10/1944;74;252453,45;38;11;6;220
643;GO;LÚCIA VÂNIA ABRÃO COSTA;2010;PSDB;1496559;6778772;FEMININO;2013;6;51;15/10/1944;74;252542,4;45;25;13;485,23077
643;GO;LÚCIA VÂNIA ABRÃO COSTA;2010;PSDB;1496559;6778772;FEMININO;2015;7;89;15/10/1944;74;251825,05;98;21;13;352,85714
715;PE;ARMANDO DE QUEIROZ MONTEIRO NETO;2010;PTB;3142930;9473266;MASCULINO;2013;6;55;24/02/1952;67;400407,74;89;29;11;433,27273
715;PE;ARMANDO DE QUEIROZ MONTEIRO NETO;2010;PTB;3142930;9473266;MASCULINO;2016;6;27;24/02/1952;67;156706,42;40;32;9;249,11111
715;PE;ARMANDO DE QUEIROZ MONTEIRO NETO;2010;PTB;3142930;9473266;MASCULINO;2012;6;65;24/02/1952;67;321100,62;70;30;9;557
715;PE;ARMANDO DE QUEIROZ MONTEIRO NETO;2010;PTB;3142930;9473266;MASCULINO;2014;6;29;24/02/1952;67;198459,2;35;20;9;67
715;PE;ARMANDO DE QUEIROZ MONTEIRO NETO;2010;PTB;3142930;9473266;MASCULINO;2017;6;61;24/02/1952;67;409569,65;59;51;5;72,2
715;PE;ARMANDO DE QUEIROZ MONTEIRO NETO;2010;PTB;3142930;9473266;MASCULINO;2011;6;94;24/02/1952;67;283499,3;45;45;12;464,16667
739;PI;CIRO NOGUEIRA LIMA FILHO;2010;PP;695875;3219257;MASCULINO;2016;4;101;21/11/1968;50;440047,81;25;2;1;112
739;PI;CIRO NOGUEIRA LIMA FILHO;2010;PP;695875;3219257;MASCULINO;2015;5;83;21/11/1968;50;419531,8;61;4;11;239,65
739;PI;CIRO NOGUEIRA LIMA FILHO;2010;PP;695875;3219257;MASCULINO;2012;4;125;21/11/1968;50;462108,19;36;35;8;382,7
739;PI;CIRO NOGUEIRA LIMA FILHO;2010;PP;695875;3219257;MASCULINO;2017;3;130;21/11/1968;50;433236,29;23;3;;
739;PI;CIRO NOGUEIRA LIMA FILHO;2010;PP;695875;3219257;MASCULINO;2011;4;59;21/11/1968;50;369972,38;42;46;15;766,2
739;PI;CIRO NOGUEIRA LIMA FILHO;2010;PP;695875;3219257;MASCULINO;2014;6;113;21/11/1968;50;430496,82;34;7;3;247,66667
739;PI;CIRO NOGUEIRA LIMA FILHO;2010;PP;695875;3219257;MASCULINO;2013;5;116;21/11/1968;50;427349,59;43;19;13;595,07143
825;RS;PAULO RENATO PAIM;2010;PT;3895822;11322895;MASCULINO;2012;5;220;15/03/1950;69;391115,68;237;42;6;583,16667
825;RS;PAULO RENATO PAIM;2010;PT;3895822;11322895;MASCULINO;2011;7;243;15/03/1950;69;341776,42;198;72;7;1031,5714
825;RS;PAULO RENATO PAIM;2010;PT;3895822;11322895;MASCULINO;2013;6;225;15/03/1950;69;360963,42;212;44;19;345,52381
825;RS;PAULO RENATO PAIM;2010;PT;3895822;11322895;MASCULINO;2015;6;164;15/03/1950;69;253614,72;422;48;12;484,76923
825;RS;PAULO RENATO PAIM;2010;PT;3895822;11322895;MASCULINO;2016;6;233;15/03/1950;69;417713,7;272;35;3;75,666667
825;RS;PAULO RENATO PAIM;2010;PT;3895822;11322895;MASCULINO;2014;5;202;15/03/1950;69;359412,8;149;24;4;118,8
825;RS;PAULO RENATO PAIM;2010;PT;3895822;11322895;MASCULINO;2017;6;234;15/03/1950;69;430481,06;360;38;1;239
846;SP;ALOYSIO NUNES FERREIRA FILHO;2010;PSDB;11189168;45094866;MASCULINO;2017;6;39;05/04/1945;74;51729,82;8;;1;29
846;SP;ALOYSIO NUNES FERREIRA FILHO;2010;PSDB;11189168;45094866;MASCULINO;2015;6;69;05/04/1945;74;275529,79;195;61;18;449,09524
846;SP;ALOYSIO NUNES FERREIRA FILHO;2010;PSDB;11189168;45094866;MASCULINO;2012;6;98;05/04/1945;74;267217,86;109;78;6;386,83333
846;SP;ALOYSIO NUNES FERREIRA FILHO;2010;PSDB;11189168;45094866;MASCULINO;2016;6;72;05/04/1945;74;284998,67;74;18;4;194,75
846;SP;ALOYSIO NUNES FERREIRA FILHO;2010;PSDB;11189168;45094866;MASCULINO;2011;6;75;05/04/1945;74;186688,84;80;118;18;611,59259
846;SP;ALOYSIO NUNES FERREIRA FILHO;2010;PSDB;11189168;45094866;MASCULINO;2014;6;64;05/04/1945;74;223489,82;149;53;8;90
846;SP;ALOYSIO NUNES FERREIRA FILHO;2010;PSDB;11189168;45094866;MASCULINO;2013;6;105;05/04/1945;74;251763,49;180;63;22;310,73913
916;TO;JOÃO BATISTA DE JESUS RIBEIRO;2010;PR;375090;1550194;MASCULINO;2012;3;19;25/06/1954;64;291259,81;13;14;5;240,85714
916;TO;JOÃO BATISTA DE JESUS RIBEIRO;2010;PR;375090;1550194;MASCULINO;2011;4;11;25/06/1954;64;151795,26;8;18;5;204,7
916;TO;JOÃO BATISTA DE JESUS RIBEIRO;2010;PR;375090;1550194;MASCULINO;2013;2;7;25/06/1954;64;44199,34;3;1;4;146
950;MA;JOÃO ALBERTO DE SOUZA;2010;PMDB;1546298;7000229;MASCULINO;2017;5;10;01/10/1935;83;315466,87;18;43;3;40,666667
950;MA;JOÃO ALBERTO DE SOUZA;2010;PMDB;1546298;7000229;MASCULINO;2014;5;11;01/10/1935;83;336811,3;16;11;6;202,16667
950;MA;JOÃO ALBERTO DE SOUZA;2010;PMDB;1546298;7000229;MASCULINO;2011;4;14;01/10/1935;83;258346,96;2;13;10;498,4
950;MA;JOÃO ALBERTO DE SOUZA;2010;PMDB;1546298;7000229;MASCULINO;2012;4;7;01/10/1935;83;68560,43;3;7;4;99,5
950;MA;JOÃO ALBERTO DE SOUZA;2010;PMDB;1546298;7000229;MASCULINO;2015;5;8;01/10/1935;83;275077,72;40;13;10;598,45455
950;MA;JOÃO ALBERTO DE SOUZA;2010;PMDB;1546298;7000229;MASCULINO;2016;4;7;01/10/1935;83;196745,37;5;7;1;101
950;MA;JOÃO ALBERTO DE SOUZA;2010;PMDB;1546298;7000229;MASCULINO;2013;6;9;01/10/1935;83;427631,11;15;20;9;626,33333
1176;MS;WALDEMIR MOKA MIRANDA DE BRITO;2010;PMDB;544933;2713147;MASCULINO;2016;6;41;10/10/1951;67;265638,06;54;20;9;168,6
1176;MS;WALDEMIR MOKA MIRANDA DE BRITO;2010;PMDB;544933;2713147;MASCULINO;2012;6;106;10/10/1951;67;333746,02;38;29;3;354,33333
1176;MS;WALDEMIR MOKA MIRANDA DE BRITO;2010;PMDB;544933;2713147;MASCULINO;2013;6;88;10/10/1951;67;385304,89;70;17;9;415,7
1176;MS;WALDEMIR MOKA MIRANDA DE BRITO;2010;PMDB;544933;2713147;MASCULINO;2014;6;85;10/10/1951;67;384936,15;48;29;4;270,5
1176;MS;WALDEMIR MOKA MIRANDA DE BRITO;2010;PMDB;544933;2713147;MASCULINO;2015;7;59;10/10/1951;67;317605,35;141;44;11;405,45455
1176;MS;WALDEMIR MOKA MIRANDA DE BRITO;2010;PMDB;544933;2713147;MASCULINO;2017;6;64;10/10/1951;67;254502,95;33;48;4;16,5
1176;MS;WALDEMIR MOKA MIRANDA DE BRITO;2010;PMDB;544933;2713147;MASCULINO;2011;6;80;10/10/1951;67;262031,37;37;49;19;579,52381
1754;MG;ITAMAR AUGUSTO CAUTIERO FRANCO;2010;PPS;5125455;21119536;MASCULINO;;;;;;;;;;
2632;PA;FERNANDO DE SOUZA FLEXA RIBEIRO;2010;PSDB;1817644;8366628;MASCULINO;;;;;;;;;;
3360;MS;DELCÍDIO DO AMARAL GOMEZ;2010;PT;826848;2713147;MASCULINO;2014;4;14;08/02/1955;64;215269,29;12;6;;
3360;MS;DELCÍDIO DO AMARAL GOMEZ;2010;PT;826848;2713147;MASCULINO;2012;5;18;08/02/1955;64;306174,71;46;34;4;501,5
3360;MS;DELCÍDIO DO AMARAL GOMEZ;2010;PT;826848;2713147;MASCULINO;2015;3;15;08/02/1955;64;243099,92;115;18;13;283,8
3360;MS;DELCÍDIO DO AMARAL GOMEZ;2010;PT;826848;2713147;MASCULINO;2013;5;15;08/02/1955;64;321745,48;51;24;6;476,33333
3360;MS;DELCÍDIO DO AMARAL GOMEZ;2010;PT;826848;2713147;MASCULINO;2011;5;18;08/02/1955;64;250104,89;47;42;13;1064,9231
3366;RJ;MARCELO BEZERRA CRIVELLA;2010;PRB;3332886;16718956;MASCULINO;2012;4;23;09/10/1957;61;23282,3;8;11;;
3366;RJ;MARCELO BEZERRA CRIVELLA;2010;PRB;3332886;16718956;MASCULINO;2016;6;155;09/10/1957;61;180992,11;28;3;14;96,285714
3366;RJ;MARCELO BEZERRA CRIVELLA;2010;PRB;3332886;16718956;MASCULINO;2015;6;172;09/10/1957;61;379497,05;92;61;19;295,71429
3366;RJ;MARCELO BEZERRA CRIVELLA;2010;PRB;3332886;16718956;MASCULINO;2014;6;50;09/10/1957;61;166400,77;29;22;14;193,73333
3366;RJ;MARCELO BEZERRA CRIVELLA;2010;PRB;3332886;16718956;MASCULINO;2011;6;214;09/10/1957;61;262510,82;85;54;15;275,5
3372;RO;VALDIR RAUPP DE MATOS;2010;PMDB;481420;1805788;MASCULINO;2016;4;79;24/08/1955;63;415018,64;54;33;5;179,8
3372;RO;VALDIR RAUPP DE MATOS;2010;PMDB;481420;1805788;MASCULINO;2015;4;63;24/08/1955;63;413572,28;150;91;18;514,75
3372;RO;VALDIR RAUPP DE MATOS;2010;PMDB;481420;1805788;MASCULINO;2011;5;43;24/08/1955;63;320470,38;28;99;17;552,83333
3372;RO;VALDIR RAUPP DE MATOS;2010;PMDB;481420;1805788;MASCULINO;2013;4;53;24/08/1955;63;415382,4;82;88;15;470,5625
3372;RO;VALDIR RAUPP DE MATOS;2010;PMDB;481420;1805788;MASCULINO;2012;5;36;24/08/1955;63;275702,22;46;58;11;113,57143
3372;RO;VALDIR RAUPP DE MATOS;2010;PMDB;481420;1805788;MASCULINO;2017;4;98;24/08/1955;63;409549,02;65;34;3;78,666667
3372;RO;VALDIR RAUPP DE MATOS;2010;PMDB;481420;1805788;MASCULINO;2014;4;32;24/08/1955;63;415382,4;53;61;9;205,33333
3394;AP;JOAO ALBERTO RODRIGUES CAPIBERIBE;2010;PSB;130411;797722;MASCULINO;2016;6;60;06/05/1947;71;502997,57;70;9;1;101
3394;AP;JOAO ALBERTO RODRIGUES CAPIBERIBE;2010;PSB;130411;797722;MASCULINO;2015;6;74;06/05/1947;71;513999,08;172;20;10;525,09091
3394;AP;JOAO ALBERTO RODRIGUES CAPIBERIBE;2010;PSB;130411;797722;MASCULINO;2011;5;15;06/05/1947;71;35886,78;3;22;4;950,25
3394;AP;JOAO ALBERTO RODRIGUES CAPIBERIBE;2010;PSB;130411;797722;MASCULINO;2017;6;50;06/05/1947;71;509948,87;56;8;7;151,375
3394;AP;JOAO ALBERTO RODRIGUES CAPIBERIBE;2010;PSB;130411;797722;MASCULINO;2013;7;129;06/05/1947;71;487372,71;77;26;9;494,4
3394;AP;JOAO ALBERTO RODRIGUES CAPIBERIBE;2010;PSB;130411;797722;MASCULINO;2012;6;132;06/05/1947;71;448980,13;42;38;2;335,5
3394;AP;JOAO ALBERTO RODRIGUES CAPIBERIBE;2010;PSB;130411;797722;MASCULINO;2014;7;77;06/05/1947;71;395256,93;46;14;9;204
3398;DF;CRISTOVAM RICARDO CAVALCANTI BUARQUE;2010;PDT;833480;3039444;MASCULINO;;;;;;;;;;
3399;GO;DEMOSTENES LAZARO XAVIER TORRES;2010;DEM;2158812;6778772;MASCULINO;2012;6;17;23/01/1961;58;96114,88;7;1;2;48,5
3399;GO;DEMOSTENES LAZARO XAVIER TORRES;2010;DEM;2158812;6778772;MASCULINO;2011;6;19;23/01/1961;58;247356,53;66;45;13;213,21053
3695;RJ;LUIZ LINDBERGH FARIAS FILHO;2010;PT;4213749;16718956;MASCULINO;2011;5;18;08/12/1969;49;270527,16;106;27;15;751,35294
3695;RJ;LUIZ LINDBERGH FARIAS FILHO;2010;PT;4213749;16718956;MASCULINO;2017;4;11;08/12/1969;49;375321,04;226;28;5;38,285714
3695;RJ;LUIZ LINDBERGH FARIAS FILHO;2010;PT;4213749;16718956;MASCULINO;2016;3;7;08/12/1969;49;372467,29;77;31;6;164,33333
3695;RJ;LUIZ LINDBERGH FARIAS FILHO;2010;PT;4213749;16718956;MASCULINO;2015;4;6;08/12/1969;49;378970,03;102;39;14;364,75
3695;RJ;LUIZ LINDBERGH FARIAS FILHO;2010;PT;4213749;16718956;MASCULINO;2013;2;11;08/12/1969;49;375873,43;52;10;4;362
3695;RJ;LUIZ LINDBERGH FARIAS FILHO;2010;PT;4213749;16718956;MASCULINO;2012;5;18;08/12/1969;49;364313,83;45;22;2;686,5
3695;RJ;LUIZ LINDBERGH FARIAS FILHO;2010;PT;4213749;16718956;MASCULINO;2014;2;5;08/12/1969;49;350057,46;23;11;;
3741;SC;PAULO ROBERTO BAUER;2010;PSDB;1588403;7001161;MASCULINO;2014;6;178;20/03/1957;62;297033,62;37;4;6;80,333333
3741;SC;PAULO ROBERTO BAUER;2010;PSDB;1588403;7001161;MASCULINO;2017;5;195;20/03/1957;62;352392,83;57;2;3;23,666667
3741;SC;PAULO ROBERTO BAUER;2010;PSDB;1588403;7001161;MASCULINO;2012;6;265;20/03/1957;62;391410,72;62;28;4;655
3741;SC;PAULO ROBERTO BAUER;2010;PSDB;1588403;7001161;MASCULINO;2011;6;255;20/03/1957;62;258730,59;53;32;11;543,33333
3741;SC;PAULO ROBERTO BAUER;2010;PSDB;1588403;7001161;MASCULINO;2013;5;193;20/03/1957;62;298936,11;45;16;10;258,2
3741;SC;PAULO ROBERTO BAUER;2010;PSDB;1588403;7001161;MASCULINO;2016;5;217;20/03/1957;62;394455,84;69;2;2;138
3741;SC;PAULO ROBERTO BAUER;2010;PSDB;1588403;7001161;MASCULINO;2015;6;225;20/03/1957;62;392837,72;81;8;11;277,23077
3823;AL;BENEDITO DE LIRA;2010;PP;904345;3375823;MASCULINO;2014;4;48;01/05/1942;76;144331,81;25;31;2;204,5
3823;AL;BENEDITO DE LIRA;2010;PP;904345;3375823;MASCULINO;2013;6;39;01/05/1942;76;263300,97;49;54;10;571,3
3823;AL;BENEDITO DE LIRA;2010;PP;904345;3375823;MASCULINO;2011;6;44;01/05/1942;76;163840,65;24;68;10;633,8
3823;AL;BENEDITO DE LIRA;2010;PP;904345;3375823;MASCULINO;2016;4;40;01/05/1942;76;172961,28;30;4;1;14
3823;AL;BENEDITO DE LIRA;2010;PP;904345;3375823;MASCULINO;2017;4;25;01/05/1942;76;175683,97;41;6;5;14,2
3823;AL;BENEDITO DE LIRA;2010;PP;904345;3375823;MASCULINO;2015;4;35;01/05/1942;76;183695,11;108;24;18;244,48148
3823;AL;BENEDITO DE LIRA;2010;PP;904345;3375823;MASCULINO;2012;4;68;01/05/1942;76;179224,38;55;59;6;340,125
4560;AC;SERGIO DE OLIVEIRA CUNHA;2010;PMN;199956;829.619;MASCULINO;2011;6;40;20/04/1960;58;370438,24;16;31;14;633,42857
4560;AC;SERGIO DE OLIVEIRA CUNHA;2010;PMN;199956;829.619;MASCULINO;2012;6;28;20/04/1960;58;460001,07;28;50;10;359,08333
4560;AC;SERGIO DE OLIVEIRA CUNHA;2010;PMN;199956;829.619;MASCULINO;2016;5;23;20/04/1960;58;463456,45;29;19;7;214,25
4560;AC;SERGIO DE OLIVEIRA CUNHA;2010;PMN;199956;829.619;MASCULINO;2014;6;25;20/04/1960;58;466253,38;35;24;12;173,23077
4560;AC;SERGIO DE OLIVEIRA CUNHA;2010;PMN;199956;829.619;MASCULINO;2017;5;31;20/04/1960;58;447119,08;40;38;3;142,33333
4560;AC;SERGIO DE OLIVEIRA CUNHA;2010;PMN;199956;829.619;MASCULINO;2013;5;31;20/04/1960;58;464521,52;41;37;20;307,12
4560;AC;SERGIO DE OLIVEIRA CUNHA;2010;PMN;199956;829.619;MASCULINO;2015;5;19;20/04/1960;58;462861,19;90;30;15;444,55556
4575;BA;LIDICE DA MATA E SOUZA;2010;PSB;3385300;15344447;FEMININO;2017;5;93;12/03/1956;63;278951,18;115;25;8;123,90909
4575;BA;LIDICE DA MATA E SOUZA;2010;PSB;3385300;15344447;FEMININO;2012;5;252;12/03/1956;63;374339,59;72;49;7;457,42857
4575;BA;LIDICE DA MATA E SOUZA;2010;PSB;3385300;15344447;FEMININO;2014;6;116;12/03/1956;63;327271,78;58;23;8;27,125
4575;BA;LIDICE DA MATA E SOUZA;2010;PSB;3385300;15344447;FEMININO;2011;6;207;12/03/1956;63;281105,93;74;67;19;589,37037
4575;BA;LIDICE DA MATA E SOUZA;2010;PSB;3385300;15344447;FEMININO;2016;6;106;12/03/1956;63;262078,34;91;13;3;236,75
4575;BA;LIDICE DA MATA E SOUZA;2010;PSB;3385300;15344447;FEMININO;2013;6;218;12/03/1956;63;390293,96;108;61;18;395,21053
4575;BA;LIDICE DA MATA E SOUZA;2010;PSB;3385300;15344447;FEMININO;2015;6;184;12/03/1956;63;406615,32;178;39;24;468,52
4593;DF;RODRIGO SOBRAL ROLLEMBERG;2010;PSB;738575;3039444;MASCULINO;;;;;;;;;;
4645;PB;VITAL DO REGO FILHO;2010;PMDB;869501;4025558;MASCULINO;2014;4;71;21/09/1963;55;288397,83;56;17;10;133,2
4645;PB;VITAL DO REGO FILHO;2010;PMDB;869501;4025558;MASCULINO;2012;6;135;21/09/1963;55;383512,41;71;58;9;451,3
4645;PB;VITAL DO REGO FILHO;2010;PMDB;869501;4025558;MASCULINO;2013;5;112;21/09/1963;55;342924,06;133;74;24;504,58333
4645;PB;VITAL DO REGO FILHO;2010;PMDB;869501;4025558;MASCULINO;2011;5;149;21/09/1963;55;215750,78;68;113;22;624,04545
4697;RR;ANGELA MARIA GOMES PORTELA;2010;PT;110993;522636;FEMININO;2013;6;21;03/02/1962;57;420982,53;71;84;8;569,875
4697;RR;ANGELA MARIA GOMES PORTELA;2010;PT;110993;522636;FEMININO;2015;5;31;03/02/1962;57;409183,83;103;66;16;483,05882
4697;RR;ANGELA MARIA GOMES PORTELA;2010;PT;110993;522636;FEMININO;2014;5;22;03/02/1962;57;382400,15;53;45;3;345,33333
4697;RR;ANGELA MARIA GOMES PORTELA;2010;PT;110993;522636;FEMININO;2016;5;22;03/02/1962;57;429605,98;59;41;2;241,5
4697;RR;ANGELA MARIA GOMES PORTELA;2010;PT;110993;522636;FEMININO;2011;6;37;03/02/1962;57;379859,94;34;93;13;910,76923
4697;RR;ANGELA MARIA GOMES PORTELA;2010;PT;110993;522636;FEMININO;2012;6;24;03/02/1962;57;414270,32;45;90;2;133,75
4697;RR;ANGELA MARIA GOMES PORTELA;2010;PT;110993;522636;FEMININO;2017;5;27;03/02/1962;57;424367,34;49;19;5;103,125
4721;SE;EDUARDO ALVES DO AMORIM;2010;PSC;625959;2288116;MASCULINO;2013;6;67;17/05/1963;55;318030,66;51;64;34;430,08108
4721;SE;EDUARDO ALVES DO AMORIM;2010;PSC;625959;2288116;MASCULINO;2014;6;35;17/05/1963;55;183500,93;28;35;17;139,11765
4721;SE;EDUARDO ALVES DO AMORIM;2010;PSC;625959;2288116;MASCULINO;2012;7;45;17/05/1963;55;221216,3;38;27;11;417,81818
4721;SE;EDUARDO ALVES DO AMORIM;2010;PSC;625959;2288116;MASCULINO;2016;7;43;17/05/1963;55;305915,14;58;20;7;180,375
4721;SE;EDUARDO ALVES DO AMORIM;2010;PSC;625959;2288116;MASCULINO;2017;6;42;17/05/1963;55;329374,49;56;47;2;82,5
4721;SE;EDUARDO ALVES DO AMORIM;2010;PSC;625959;2288116;MASCULINO;2011;5;26;17/05/1963;55;171722,48;38;37;21;298,27273
4721;SE;EDUARDO ALVES DO AMORIM;2010;PSC;625959;2288116;MASCULINO;2015;7;46;17/05/1963;55;355302;126;65;32;504,38235
4763;TO;VICENTE ALVES DE OLIVEIRA;2010;PR;332295;1550194;MASCULINO;2014;6;39;01/10/1957;61;301065,69;29;10;20;122,78261
4763;TO;VICENTE ALVES DE OLIVEIRA;2010;PR;332295;1550194;MASCULINO;2011;5;84;01/10/1957;61;255917,87;28;17;13;253,75
4763;TO;VICENTE ALVES DE OLIVEIRA;2010;PR;332295;1550194;MASCULINO;2016;5;16;01/10/1957;61;299890,52;25;15;;
4763;TO;VICENTE ALVES DE OLIVEIRA;2010;PR;332295;1550194;MASCULINO;2013;5;41;01/10/1957;61;207605,15;27;8;21;52,590909
4763;TO;VICENTE ALVES DE OLIVEIRA;2010;PR;332295;1550194;MASCULINO;2012;6;114;01/10/1957;61;251195,18;25;8;16;177,82353
4763;TO;VICENTE ALVES DE OLIVEIRA;2010;PR;332295;1550194;MASCULINO;2017;3;14;01/10/1957;61;302582,4;32;6;4;93,75
4763;TO;VICENTE ALVES DE OLIVEIRA;2010;PR;332295;1550194;MASCULINO;2015;6;19;01/10/1957;61;302582,4;58;67;8;392,54545
4935;RN;GARIBALDI ALVES FILHO;2010;PMDB;1042272;3507003;MASCULINO;2012;3;38;27/05/1923;95;120200,7;18;;1;823
4935;RN;GARIBALDI ALVES FILHO;2010;PMDB;1042272;3507003;MASCULINO;2013;3;27;27/05/1923;95;132692,42;5;;2;703
4935;RN;GARIBALDI ALVES FILHO;2010;PMDB;1042272;3507003;MASCULINO;2011;3;23;27/05/1923;95;65530,24;6;6;6;299,16667
4935;RN;GARIBALDI ALVES FILHO;2010;PMDB;1042272;3507003;MASCULINO;2014;2;5;27/05/1923;95;9184,99;7;;;
4988;RS;ANA AMELIA DE LEMOS;2010;PP;3401241;11322895;FEMININO;2016;5;139;23/03/1945;74;167090,43;139;34;4;123,5
4988;RS;ANA AMELIA DE LEMOS;2010;PP;3401241;11322895;FEMININO;2015;5;139;23/03/1945;74;144937,71;263;65;14;422,26316
4988;RS;ANA AMELIA DE LEMOS;2010;PP;3401241;11322895;FEMININO;2011;6;172;23/03/1945;74;108602,86;226;84;15;781,73333
4988;RS;ANA AMELIA DE LEMOS;2010;PP;3401241;11322895;FEMININO;2017;5;123;23/03/1945;74;134989,96;86;39;4;99,5
4988;RS;ANA AMELIA DE LEMOS;2010;PP;3401241;11322895;FEMININO;2012;6;156;23/03/1945;74;124669,28;192;65;7;532,85714
4988;RS;ANA AMELIA DE LEMOS;2010;PP;3401241;11322895;FEMININO;2014;5;101;23/03/1945;74;114444,32;162;46;10;171,3
4988;RS;ANA AMELIA DE LEMOS;2010;PP;3401241;11322895;FEMININO;2013;6;117;23/03/1945;74;121660,01;202;65;18;406,72222
4990;AC;JORGE NEY VIANA MACEDO NEVES;2010;PT;205593;829.619;MASCULINO;2014;7;78;20/09/1959;59;342042,8;44;41;8;197
4990;AC;JORGE NEY VIANA MACEDO NEVES;2010;PT;205593;829.619;MASCULINO;2013;5;97;20/09/1959;59;325879,1;70;32;9;547
4990;AC;JORGE NEY VIANA MACEDO NEVES;2010;PT;205593;829.619;MASCULINO;2012;6;103;20/09/1959;59;308272,29;53;32;7;471,375
4990;AC;JORGE NEY VIANA MACEDO NEVES;2010;PT;205593;829.619;MASCULINO;2017;6;53;20/09/1959;59;340340,36;114;45;;
4990;AC;JORGE NEY VIANA MACEDO NEVES;2010;PT;205593;829.619;MASCULINO;2015;6;72;20/09/1959;59;334708,56;109;96;14;549,6
4990;AC;JORGE NEY VIANA MACEDO NEVES;2010;PT;205593;829.619;MASCULINO;2016;6;61;20/09/1959;59;363350,03;52;55;3;147,5
4990;AC;JORGE NEY VIANA MACEDO NEVES;2010;PT;205593;829.619;MASCULINO;2011;6;92;20/09/1959;59;221686,79;58;40;17;793,94444
4994;AM;CARLOS EDUARDO DE SOUZA BRAGA;2010;PMDB;1236970;4063614;MASCULINO;2012;2;6;06/12/1960;58;354484,02;88;31;6;296,66667
4994;AM;CARLOS EDUARDO DE SOUZA BRAGA;2010;PMDB;1236970;4063614;MASCULINO;2013;3;5;06/12/1960;58;370765,85;60;22;9;601,66667
4994;AM;CARLOS EDUARDO DE SOUZA BRAGA;2010;PMDB;1236970;4063614;MASCULINO;2011;1;2;06/12/1960;58;49702,57;82;30;16;712,27778
4994;AM;CARLOS EDUARDO DE SOUZA BRAGA;2010;PMDB;1236970;4063614;MASCULINO;2014;2;6;06/12/1960;58;188518,56;44;16;3;213,66667
4994;AM;CARLOS EDUARDO DE SOUZA BRAGA;2010;PMDB;1236970;4063614;MASCULINO;2017;4;21;06/12/1960;58;491105,83;46;11;5;12,6
4994;AM;CARLOS EDUARDO DE SOUZA BRAGA;2010;PMDB;1236970;4063614;MASCULINO;2016;4;8;06/12/1960;58;293426,22;14;5;5;253,6
5000;SP;MARTA SUPLICY;2010;PT;8314027;45094866;FEMININO;2014;1;2;18/03/1945;74;8278,56;2;20;5;55,4
5000;SP;MARTA SUPLICY;2010;PT;8314027;45094866;FEMININO;2012;6;99;18/03/1945;74;187381,91;33;11;3;132,66667
5000;SP;MARTA SUPLICY;2010;PT;8314027;45094866;FEMININO;2016;6;14;18/03/1945;74;291299,63;32;14;5;187,28571
5000;SP;MARTA SUPLICY;2010;PT;8314027;45094866;FEMININO;2015;6;35;18/03/1945;74;205920,65;85;28;14;298,14286
5000;SP;MARTA SUPLICY;2010;PT;8314027;45094866;FEMININO;2017;6;60;18/03/1945;74;287673,02;61;36;1;230
5000;SP;MARTA SUPLICY;2010;PT;8314027;45094866;FEMININO;2011;6;92;18/03/1945;74;119117,68;37;31;10;710,3
5002;SC;LUIZ HENRIQUE DA SILVEIRA;2010;PMDB;1784019;7001161;MASCULINO;2012;6;105;25/02/1940;79;282551,04;36;45;5;296,4
5002;SC;LUIZ HENRIQUE DA SILVEIRA;2010;PMDB;1784019;7001161;MASCULINO;2014;6;70;25/02/1940;79;341506,33;46;28;3;105
5002;SC;LUIZ HENRIQUE DA SILVEIRA;2010;PMDB;1784019;7001161;MASCULINO;2013;6;98;25/02/1940;79;331428,26;94;45;17;456,66667
5002;SC;LUIZ HENRIQUE DA SILVEIRA;2010;PMDB;1784019;7001161;MASCULINO;2015;6;47;25/02/1940;79;114444,54;43;1;9;58,111111
5002;SC;LUIZ HENRIQUE DA SILVEIRA;2010;PMDB;1784019;7001161;MASCULINO;2011;5;106;25/02/1940;79;203555,41;42;55;13;642,73333
5004;RO;IVO NARCISO CASSOL;2010;PP;454087;1805788;MASCULINO;2016;6;130;20/01/1959;60;413382,4;41;11;1;28
5004;RO;IVO NARCISO CASSOL;2010;PP;454087;1805788;MASCULINO;2017;6;68;20/01/1959;60;410696,19;44;1;1;8
5004;RO;IVO NARCISO CASSOL;2010;PP;454087;1805788;MASCULINO;2011;5;114;20/01/1959;60;204838,18;25;37;10;299,66667
5004;RO;IVO NARCISO CASSOL;2010;PP;454087;1805788;MASCULINO;2015;5;91;20/01/1959;60;415182,4;84;18;13;374,52632
5004;RO;IVO NARCISO CASSOL;2010;PP;454087;1805788;MASCULINO;2012;6;220;20/01/1959;60;415256,7;53;61;6;495,16667
5004;RO;IVO NARCISO CASSOL;2010;PP;454087;1805788;MASCULINO;2013;6;148;20/01/1959;60;415382,4;52;30;14;425,8125
5004;RO;IVO NARCISO CASSOL;2010;PP;454087;1805788;MASCULINO;2014;6;123;20/01/1959;60;292140,19;27;16;9;116,88889
5006;PR;GLEISI HELENA HOFFMANN;2010;PT;3196468;11320892;FEMININO;2011;6;138;06/09/1965;53;64112,77;33;26;11;257,5
5006;PR;GLEISI HELENA HOFFMANN;2010;PT;3196468;11320892;FEMININO;2014;6;52;06/09/1965;53;238601,58;35;25;7;298,85714
5006;PR;GLEISI HELENA HOFFMANN;2010;PT;3196468;11320892;FEMININO;2017;6;192;06/09/1965;53;376432,98;97;27;3;82,25
5006;PR;GLEISI HELENA HOFFMANN;2010;PT;3196468;11320892;FEMININO;2015;6;154;06/09/1965;53;366922,79;113;32;12;344,92857
5006;PR;GLEISI HELENA HOFFMANN;2010;PT;3196468;11320892;FEMININO;2016;5;139;06/09/1965;53;343444,72;85;13;6;244,83333
5008;PE;HUMBERTO SERGIO COSTA LIMA;2010;PT;3059818;9473266;MASCULINO;2017;6;223;07/07/1957;61;431928,93;96;7;5;31,333333
5008;PE;HUMBERTO SERGIO COSTA LIMA;2010;PT;3059818;9473266;MASCULINO;2011;6;266;07/07/1957;61;287177,26;107;30;10;893,45455
5008;PE;HUMBERTO SERGIO COSTA LIMA;2010;PT;3059818;9473266;MASCULINO;2015;6;155;07/07/1957;61;415062,91;140;30;19;328,08696
5008;PE;HUMBERTO SERGIO COSTA LIMA;2010;PT;3059818;9473266;MASCULINO;2016;6;189;07/07/1957;61;433763,14;114;12;6;237,66667
5008;PE;HUMBERTO SERGIO COSTA LIMA;2010;PT;3059818;9473266;MASCULINO;2013;7;326;07/07/1957;61;357477,73;100;55;4;411
5008;PE;HUMBERTO SERGIO COSTA LIMA;2010;PT;3059818;9473266;MASCULINO;2014;6;171;07/07/1957;61;386731,86;93;35;10;169,8
5008;PE;HUMBERTO SERGIO COSTA LIMA;2010;PT;3059818;9473266;MASCULINO;2012;7;450;07/07/1957;61;411800,24;55;43;4;499,25
5010;MT;JOSÉ PEDRO GONÇALVES TAQUES;2010;PDT;708440;3344544;MASCULINO;2011;5;111;15/03/1968;51;201865,41;80;45;15;660,66667
5010;MT;JOSÉ PEDRO GONÇALVES TAQUES;2010;PDT;708440;3344544;MASCULINO;2013;5;128;15/03/1968;51;237510,9;143;21;9;322,7
5010;MT;JOSÉ PEDRO GONÇALVES TAQUES;2010;PDT;708440;3344544;MASCULINO;2014;5;72;15/03/1968;51;232048,24;48;8;3;182
5010;MT;JOSÉ PEDRO GONÇALVES TAQUES;2010;PDT;708440;3344544;MASCULINO;2012;5;57;15/03/1968;51;236539,38;118;32;5;655,83333
5012;AP;RANDOLPH FREDERICH RODRIGUES ALVES;2010;PSOL;203259;797722;MASCULINO;2017;6;33;06/11/1972;46;411741,05;115;18;10;167,1
5012;AP;RANDOLPH FREDERICH RODRIGUES ALVES;2010;PSOL;203259;797722;MASCULINO;2012;6;108;06/11/1972;46;380012,42;112;34;11;315,25
5012;AP;RANDOLPH FREDERICH RODRIGUES ALVES;2010;PSOL;203259;797722;MASCULINO;2015;5;44;06/11/1972;46;436303,85;249;47;22;372,23077
5012;AP;RANDOLPH FREDERICH RODRIGUES ALVES;2010;PSOL;203259;797722;MASCULINO;2011;6;90;06/11/1972;46;298588,99;86;54;14;597,71429
5012;AP;RANDOLPH FREDERICH RODRIGUES ALVES;2010;PSOL;203259;797722;MASCULINO;2016;6;43;06/11/1972;46;469208,98;144;17;5;123,8
5012;AP;RANDOLPH FREDERICH RODRIGUES ALVES;2010;PSOL;203259;797722;MASCULINO;2013;6;117;06/11/1972;46;366455,74;176;31;25;463,33333
5012;AP;RANDOLPH FREDERICH RODRIGUES ALVES;2010;PSOL;203259;797722;MASCULINO;2014;6;65;06/11/1972;46;381808,02;100;29;5;132,8
5016;PI;JOSE WELLINGTON BARROSO DE ARAUJO DIAS;2010;PT;997513;3219257;MASCULINO;2013;5;118;05/03/1962;57;465101,72;97;16;9;220
5016;PI;JOSE WELLINGTON BARROSO DE ARAUJO DIAS;2010;PT;997513;3219257;MASCULINO;2011;5;56;05/03/1962;57;326862,12;46;42;15;1007,75
5016;PI;JOSE WELLINGTON BARROSO DE ARAUJO DIAS;2010;PT;997513;3219257;MASCULINO;2012;5;39;05/03/1962;57;421996,11;47;25;5;601,66667
5016;PI;JOSE WELLINGTON BARROSO DE ARAUJO DIAS;2010;PT;997513;3219257;MASCULINO;2014;5;62;05/03/1962;57;371695,72;25;1;6;142,16667
5197;PB;CASSIO RODRIGUES DA CUNHA LIMA;2010;PSDB;1004183;4025558;MASCULINO;2015;6;79;05/04/1963;55;409746,5;203;2;12;340,91667
5197;PB;CASSIO RODRIGUES DA CUNHA LIMA;2010;PSDB;1004183;4025558;MASCULINO;2012;6;89;05/04/1963;55;199499,9;48;11;6;466,66667
5197;PB;CASSIO RODRIGUES DA CUNHA LIMA;2010;PSDB;1004183;4025558;MASCULINO;2017;6;77;05/04/1963;55;400008;53;26;1;12
5197;PB;CASSIO RODRIGUES DA CUNHA LIMA;2010;PSDB;1004183;4025558;MASCULINO;2016;6;58;05/04/1963;55;170378,9;39;6;2;99
5197;PB;CASSIO RODRIGUES DA CUNHA LIMA;2010;PSDB;1004183;4025558;MASCULINO;2011;2;13;05/04/1963;55;12827,54;6;12;4;448
5197;PB;CASSIO RODRIGUES DA CUNHA LIMA;2010;PSDB;1004183;4025558;MASCULINO;2014;6;82;05/04/1963;55;125204,45;35;5;5;82
5197;PB;CASSIO RODRIGUES DA CUNHA LIMA;2010;PSDB;1004183;4025558;MASCULINO;2013;6;103;05/04/1963;55;317883,89;73;19;8;321,75
90;SP;JOSE SERRA;2014;PSDB;11105874;45094866;MASCULINO;;;;;;;;;;
374;PA;PAULO ROCHA;2014;PT;1566350;8366628;MASCULINO;;;;;;;;;;
456;GO;RONALDO CAIADO;2014;DEM;1283665;6778772;MASCULINO;;;;;;;;;;
677;MA;ROBERTO ROCHA;2014;PSB;1476840;7000229;MASCULINO;;;;;;;;;;
1173;MT;WELLINGTON FAGUNDES;2014;PR;646344;3344544;MASCULINO;;;;;;;;;;
2331;ES;ROSE DE FREITAS;2014;PMDB;776978;4016356;FEMININO;;;;;;;;;;
3361;PB;JOSE MARANHAO;2014;PMDB;647271;4025558;MASCULINO;;;;;;;;;;
3396;CE;TASSO JEREISSATI;2014;PSDB;2314796;9020460;MASCULINO;;;;;;;;;;
3713;RN;FATIMA;2014;PT;808055;3507003;FEMININO;;;;;;;;;;
3830;AP;DAVID ALCOLUMBRE;2014;DEM;131695;797722;MASCULINO;;;;;;;;;;
4558;AC;GLADSON CAMELI;2014;PP;218756;829.619;MASCULINO;;;;;;;;;;
4981;RO;ACIR GURGACZ;2014;PDT;312614;1805788;MASCULINO;2014;5;20;25/02/1962;57;382905,25;48;31;9;145,55556
4981;RO;ACIR GURGACZ;2014;PDT;312614;1805788;MASCULINO;2015;5;22;25/02/1962;57;412941,5;135;38;17;321,47059
4981;RO;ACIR GURGACZ;2014;PDT;312614;1805788;MASCULINO;2016;6;19;25/02/1962;57;301970,88;32;17;6;194,33333
4981;RO;ACIR GURGACZ;2014;PDT;312614;1805788;MASCULINO;2011;5;74;25/02/1962;57;315733,66;110;49;15;301
4981;RO;ACIR GURGACZ;2014;PDT;312614;1805788;MASCULINO;2012;6;38;25/02/1962;57;280383,11;65;33;10;432,7
4981;RO;ACIR GURGACZ;2014;PDT;312614;1805788;MASCULINO;2013;6;50;25/02/1962;57;409890,04;85;51;13;335,61538
4981;RO;ACIR GURGACZ;2014;PDT;312614;1805788;MASCULINO;2017;6;26;25/02/1962;57;400382,5;71;22;7;72
5236;DF;REGUFFE;2014;PDT;826576;3039444;MASCULINO;;;;;;;;;;
5322;RJ;ROMARIO;2014;PSB;4683963;16718956;MASCULINO;;;;;;;;;;
5523;BA;OTTO ALENCAR;2014;PSD;3341111;15344447;MASCULINO;;;;;;;;;;
5525;AM;OMAR AZIZ;2014;PSD;933996;4063614;MASCULINO;;;;;;;;;;
5527;MS;SIMONE TEBET;2014;PMDB;640336;2713147;FEMININO;;;;;;;;;;
5529;MG;ANTONIO ANASTASIA;2014;PSDB;5102987;21119536;MASCULINO;;;;;;;;;;
5531;PI;ELMANO;2014;PTB;981219;3219257;MASCULINO;;;;;;;;;;
5533;RS;LASIER MARTINS;2014;PDT;2145479;11322895;MASCULINO;;;;;;;;;;
5535;RR;TELMARIO MOTA;2014;PDT;96888;522636;MASCULINO;;;;;;;;;;
5537;SC;DARIO;2014;PMDB;1308521;7001161;MASCULINO;;;;;;;;;;
5540;PE;FERNANDO BEZERRA COELHO;2014;PTB;2655912;9473266;MASCULINO;;;;;;;;;;
3622;;;;;;;;2011;1;1;19/04/1945;73;15000;;;;
3651;;;;;;;;2011;2;31;10/01/1947;72;15000;;;;
3433;;;;;;;;2011;2;9;28/09/1953;65;15000;;;;
4869;;;;;;;;2012;7;54;26/07/1958;60;299559,01;65;26;3;437,33333
4869;;;;;;;;2014;6;57;26/07/1958;60;294237,27;95;21;7;237,57143
4869;;;;;;;;2011;7;127;26/07/1958;60;249877,97;47;51;15;632,875
4869;;;;;;;;2013;6;59;26/07/1958;60;315342,57;108;28;3;593,66667
4869;;;;;;;;2015;3;5;26/07/1958;60;9189,45;;;;
4837;;;;;;;;2015;5;14;13/12/1962;56;21160,45;;;;
4837;;;;;;;;2012;5;200;13/12/1962;56;413930,95;68;79;6;555
4837;;;;;;;;2011;7;147;13/12/1962;56;274017,19;41;101;9;864,1
4837;;;;;;;;2014;6;109;13/12/1962;56;379667,52;61;40;10;153,3
4837;;;;;;;;2013;7;174;13/12/1962;56;463830;92;76;16;354,38889
118;;;;;;;;2011;2;7;24/09/1952;66;14941,47;;;;
4891;;;;;;;;2013;5;14;14/07/1941;77;16688,73;3;;;
4891;;;;;;;;2011;6;46;14/07/1941;77;155519,33;6;11;1;475
4891;;;;;;;;2012;6;33;14/07/1941;77;250871,02;11;3;4;208,14286
5164;;;;;;;;2013;4;17;18/12/1959;59;143984,67;47;11;8;116,66667
5164;;;;;;;;2011;3;12;18/12/1959;59;105908,62;16;19;5;103,6
5164;;;;;;;;2017;4;28;18/12/1959;59;264956,64;81;3;2;63
5164;;;;;;;;2014;5;27;18/12/1959;59;284403,73;31;11;22;50,590909
5164;;;;;;;;2015;5;29;18/12/1959;59;292559,49;174;15;10;469,66667
5164;;;;;;;;2016;4;20;18/12/1959;59;299616,21;69;10;4;61,5
3432;;;;;;;;2011;2;4;24/12/1947;71;14700;;;;
13;;;;;;;;2013;6;119;02/04/1942;77;315005,08;62;12;10;417,1
13;;;;;;;;2012;6;163;02/04/1942;77;291071,25;58;32;2;446,5
13;;;;;;;;2015;5;20;02/04/1942;77;14608,15;;;;
13;;;;;;;;2011;6;153;02/04/1942;77;227057,03;31;28;10;616,8
13;;;;;;;;2014;6;106;02/04/1942;77;326156,25;36;4;3;117
4895;;;;;;;;2011;4;16;12/10/1952;66;100085,27;22;13;9;210
4895;;;;;;;;2013;5;16;12/10/1952;66;118713,24;67;7;5;439,6
4895;;;;;;;;2012;5;14;12/10/1952;66;130681,07;48;7;5;453
4895;;;;;;;;2014;4;12;12/10/1952;66;71148,13;16;2;1;161
3881;;;;;;;;2012;4;12;08/02/1969;50;248503,88;2;1;5;106,5
3881;;;;;;;;2011;5;12;08/02/1969;50;94662,07;;4;6;293,85714
4877;;;;;;;;2015;3;4;04/02/1946;73;21045,2;;;;
4877;;;;;;;;2011;7;40;04/02/1946;73;231160,95;80;142;19;368,03226
4877;;;;;;;;2012;6;32;04/02/1946;73;242630,49;103;149;6;443,33333
4877;;;;;;;;2013;7;28;04/02/1946;73;228248,94;126;32;18;369,94737
4877;;;;;;;;2014;7;29;04/02/1946;73;251617,46;108;18;8;199,125
3637;;;;;;;;2011;4;94;03/06/1956;62;14643,61;;;;
3400;;;;;;;;2011;3;15;09/09/1948;70;15000;;;2;634
707;;;;;;;;2011;2;2;04/09/1952;66;14997;;;;
3634;;;;;;;;2012;7;47;12/09/1945;73;321084,05;80;114;3;278,33333
3634;;;;;;;;2014;5;39;12/09/1945;73;386931,72;61;69;5;252
3634;;;;;;;;2015;6;30;12/09/1945;73;350582,62;201;153;16;437,16667
3634;;;;;;;;2017;7;35;12/09/1945;73;422372,64;89;58;1;58,5
3634;;;;;;;;2016;7;34;12/09/1945;73;364022,34;76;42;6;276,83333
3634;;;;;;;;2013;5;41;12/09/1945;73;304058,78;116;117;17;462,94737
3634;;;;;;;;2011;7;44;12/09/1945;73;335215,16;84;75;11;552,5
4522;;;;;;;;2011;3;15;16/05/1953;65;315031,42;15;3;6;170,16667
3392;;;;;;;;2011;1;2;06/11/1948;70;793,25;;;;
28;;;;;;;;2011;4;29;29/06/1941;77;4589,98;;;;
3626;;;;;;;;2011;1;13;09/02/1947;72;5370,85;;;;
30;;;;;;;;2011;3;5;01/08/1958;60;44730;4;;7;91,571429
4776;;;;;;;;2011;3;5;05/04/1962;56;240467,43;37;53;13;355
4776;;;;;;;;2014;2;4;05/04/1962;56;247450;46;18;16;146,125
4776;;;;;;;;2013;3;10;05/04/1962;56;232960,74;82;49;22;289,84
4776;;;;;;;;2012;4;10;05/04/1962;56;252144,47;72;73;17;305,68421
1179;;;;;;;;2011;4;28;17/08/1939;79;12466,28;;;;
740;;;;;;;;2011;4;14;01/08/1950;68;15000;;;;
4937;;;;;;;;2011;3;23;16/08/1959;59;11133,19;;4;7;113,85714
4937;;;;;;;;2015;4;11;16/08/1959;59;18459,62;;;;
4937;;;;;;;;2014;4;74;16/08/1959;59;227841,06;19;;4;118,75
4937;;;;;;;;2012;3;58;16/08/1959;59;35294,97;2;1;;
4792;;;;;;;;2011;2;4;31/05/1959;59;1234,92;;;;
3593;;;;;;;;2011;2;10;16/07/1942;76;9447,8;;;;
4774;;;;;;;;2011;6;74;14/09/1952;66;65268,25;19;9;13;108,07692
3652;;;;;;;;2011;2;5;25/10/1943;75;3103,88;;;;
4547;;;;;;;;2011;5;26;27/03/1959;60;14399,15;;;;
5156;;;;;;;;2012;5;26;31/03/1959;60;69348,25;17;1;3;27
5156;;;;;;;;2011;2;12;31/03/1959;60;19345,6;4;10;10;117,6
3579;;;;;;;;2014;3;9;17/09/1964;54;241031,15;27;15;;
3579;;;;;;;;2013;3;10;17/09/1964;54;281126,22;42;59;10;328
3579;;;;;;;;2011;4;9;17/09/1964;54;173262,64;26;73;14;720,78571
3579;;;;;;;;2012;4;9;17/09/1964;54;244626,74;23;40;2;74,5
3643;;;;;;;;2011;3;32;20/03/1956;63;13326,1;;;;
3364;;;;;;;;2011;1;1;13/10/1942;76;15000;;;;
59;;;;;;;;2011;3;8;08/02/1958;61;6489,54;;;;
4998;;;;;;;;2011;7;332;07/03/1959;60;332638,96;55;13;11;239,90909
3644;;;;;;;;2011;3;18;08/09/1938;80;15000;;;;
66;;;;;;;;2011;4;51;10/05/1952;66;15000;;;;
3393;;;;;;;;2011;2;3;27/08/1952;66;618,8;;;;
3397;;;;;;;;2011;3;4;10/10/1962;56;14030,19;;;;
5020;;;;;;;;2013;5;54;25/10/1959;59;265241,35;71;17;18;352,68182
5020;;;;;;;;2014;5;48;25/10/1959;59;216140,91;44;10;8;150,625
5020;;;;;;;;2012;6;54;25/10/1959;59;223172,68;95;18;7;379,71429
5020;;;;;;;;2011;6;50;25/10/1959;59;196138,41;42;35;15;447,06667
5072;;;;;;;;2011;5;103;07/04/1936;83;133130,03;13;7;10;110,9
3631;;;;;;;;2011;2;6;05/05/1946;72;4179,16;;;;
5048;;;;;;;;2013;7;281;13/03/1971;48;353359,25;94;71;17;234,64706
5048;;;;;;;;2011;7;147;13/03/1971;48;149508,13;35;69;9;583,9
5048;;;;;;;;2014;5;29;13/03/1971;48;23655,25;;;;
5048;;;;;;;;2012;7;223;13/03/1971;48;267472,23;106;91;14;415,17647
3375;;;;;;;;2011;4;12;09/09/1949;69;7861,7;;;;
3362;;;;;;;;2011;4;16;02/04/1945;74;14429,31;;;;
3629;;;;;;;;2011;5;12;03/12/1943;75;11876,27;;;;
3811;;;;;;;;2011;6;88;10/06/1957;61;282758,27;18;3;13;218,15385
5144;;;;;;;;2015;4;49;22/02/1957;62;341787,74;73;49;6;671,66667
5144;;;;;;;;2011;4;32;22/02/1957;62;161942,97;10;6;5;925,83333
5144;;;;;;;;2016;5;115;22/02/1957;62;322433,8;24;20;7;221,14286
5144;;;;;;;;2017;5;275;22/02/1957;62;331094,1;10;17;;
5144;;;;;;;;2012;4;27;22/02/1957;62;335361,85;27;2;1;357
5144;;;;;;;;2013;5;23;22/02/1957;62;222520,97;43;41;5;167
5144;;;;;;;;2014;6;24;22/02/1957;62;254646,81;27;34;3;137
