CODIGO;ANO;SENADOR;QTDE_TIPO_DESPESA;QTDE_FORNECEDOR;UF;PARTIDO;DATA_NASC;IDADE;SEXO;VALOR_REEMBOLSADO;QTDE_MATERIAS_PUB;QTDE_TIPO_MATERIA
4981;2017;ACIR GURGACZ;6;26;RO;PDT;25/02/1962;57;M;400382,5;71;12
4981;2012;ACIR GURGACZ;6;38;RO;PDT;25/02/1962;57;M;280383,11;65;6
4981;2014;ACIR GURGACZ;5;20;RO;PDT;25/02/1962;57;M;382905,25;48;6
4981;2013;ACIR GURGACZ;6;50;RO;PDT;25/02/1962;57;M;409890,04;85;10
4981;2011;ACIR GURGACZ;5;74;RO;PDT;25/02/1962;57;M;315733,66;110;8
4981;2015;ACIR GURGACZ;5;22;RO;PDT;25/02/1962;57;M;412941,5;135;7
4981;2016;ACIR GURGACZ;6;19;RO;PDT;25/02/1962;57;M;301970,88;32;8
3622;2011;ADELMIR SANTANA;1;1;DF;DEM;19/04/1945;73;;15000;;
391;2017;AÉCIO NEVES;7;39;MG;PSDB;10/03/1960;59;M;213285,69;12;5
391;2012;AÉCIO NEVES;4;38;MG;PSDB;10/03/1960;59;M;252715,42;58;5
391;2014;AÉCIO NEVES;4;22;MG;PSDB;10/03/1960;59;M;214075,14;21;4
391;2013;AÉCIO NEVES;4;70;MG;PSDB;10/03/1960;59;M;285341,44;101;5
391;2011;AÉCIO NEVES;4;22;MG;PSDB;10/03/1960;59;M;180990,41;46;5
391;2015;AÉCIO NEVES;5;34;MG;PSDB;10/03/1960;59;M;268011,78;98;5
391;2016;AÉCIO NEVES;6;38;MG;PSDB;10/03/1960;59;M;295335,85;48;5
3651;2011;ALFREDO COTAIT;2;31;SP;PSD;10/01/1947;72;M;15000;;
4527;2012;ALFREDO NASCIMENTO;5;11;AM;PR;05/05/1952;66;M;193696,51;24;4
4527;2014;ALFREDO NASCIMENTO;3;9;AM;PR;05/05/1952;66;M;229497,37;37;4
4527;2013;ALFREDO NASCIMENTO;4;11;AM;PR;05/05/1952;66;M;327838,22;57;5
4527;2011;ALFREDO NASCIMENTO;2;6;AM;PR;05/05/1952;66;M;66410,39;5;1
4527;2015;ALFREDO NASCIMENTO;2;4;AM;PR;05/05/1952;66;M;20083,63;;
3433;2011;ALMEIDA LIMA;2;9;SE;PMDB;28/09/1953;65;M;15000;;
846;2017;ALOYSIO NUNES FERREIRA;6;39;SP;PSDB;05/04/1945;74;M;51729,82;8;3
846;2012;ALOYSIO NUNES FERREIRA;6;98;SP;PSDB;05/04/1945;74;M;267217,86;109;12
846;2014;ALOYSIO NUNES FERREIRA;6;64;SP;PSDB;05/04/1945;74;M;223489,82;149;12
846;2013;ALOYSIO NUNES FERREIRA;6;105;SP;PSDB;05/04/1945;74;M;251763,49;180;12
846;2011;ALOYSIO NUNES FERREIRA;6;75;SP;PSDB;05/04/1945;74;M;186688,84;80;10
846;2015;ALOYSIO NUNES FERREIRA;6;69;SP;PSDB;05/04/1945;74;M;275529,79;195;11
846;2016;ALOYSIO NUNES FERREIRA;6;72;SP;PSDB;05/04/1945;74;M;284998,67;74;9
945;2017;ALVARO DIAS;2;2;PR;PSDB;07/12/1944;74;M;118725,64;76;5
945;2012;ALVARO DIAS;1;8;PR;PSDB;07/12/1944;74;M;99250,69;133;10
945;2014;ALVARO DIAS;1;4;PR;PSDB;07/12/1944;74;M;75377,23;67;12
945;2013;ALVARO DIAS;1;4;PR;PSDB;07/12/1944;74;M;109892,18;110;12
945;2011;ALVARO DIAS;2;7;PR;PSDB;07/12/1944;74;M;52466,46;161;12
945;2015;ALVARO DIAS;2;10;PR;PSDB;07/12/1944;74;M;102747,38;176;7
945;2016;ALVARO DIAS;2;12;PR;PSDB;07/12/1944;74;M;132970,95;78;6
4988;2017;ANA AMÉLIA;5;123;RS;PP;23/03/1945;74;F;134989,96;86;9
4988;2012;ANA AMÉLIA;6;156;RS;PP;23/03/1945;74;F;124669,28;192;10
4988;2014;ANA AMÉLIA;5;101;RS;PP;23/03/1945;74;F;114444,32;162;11
4988;2013;ANA AMÉLIA;6;117;RS;PP;23/03/1945;74;F;121660,01;202;13
4988;2011;ANA AMÉLIA;6;172;RS;PP;23/03/1945;74;F;108602,86;226;11
4988;2015;ANA AMÉLIA;5;139;RS;PP;23/03/1945;74;F;144937,71;263;11
4988;2016;ANA AMÉLIA;5;139;RS;PP;23/03/1945;74;F;167090,43;139;11
4869;2012;ANA RITA;7;54;ES;PT;26/07/1958;60;F;299559,01;65;6
4869;2014;ANA RITA;6;57;ES;PT;26/07/1958;60;F;294237,27;95;10
4869;2013;ANA RITA;6;59;ES;PT;26/07/1958;60;F;315342,57;108;12
4869;2011;ANA RITA;7;127;ES;PT;26/07/1958;60;F;249877,97;47;10
4869;2015;ANA RITA;3;5;ES;PT;26/07/1958;60;F;9189,45;;
4697;2017;ÂNGELA PORTELA;5;27;RR;PT;03/02/1962;57;F;424367,34;49;8
4697;2012;ÂNGELA PORTELA;6;24;RR;PT;03/02/1962;57;F;414270,32;45;5
4697;2014;ÂNGELA PORTELA;5;22;RR;PT;03/02/1962;57;F;382400,15;53;8
4697;2013;ÂNGELA PORTELA;6;21;RR;PT;03/02/1962;57;F;420982,53;71;10
4697;2011;ÂNGELA PORTELA;6;37;RR;PT;03/02/1962;57;F;379859,94;34;7
4697;2015;ÂNGELA PORTELA;5;31;RR;PT;03/02/1962;57;F;409183,83;103;9
4697;2016;ÂNGELA PORTELA;5;22;RR;PT;03/02/1962;57;F;429605,98;59;10
4837;2012;ANÍBAL DINIZ;5;200;AC;PT;13/12/1962;56;M;413930,95;68;8
4837;2014;ANÍBAL DINIZ;6;109;AC;PT;13/12/1962;56;M;379667,52;61;8
4837;2013;ANÍBAL DINIZ;7;174;AC;PT;13/12/1962;56;M;463830;92;12
4837;2011;ANÍBAL DINIZ;7;147;AC;PT;13/12/1962;56;M;274017,19;41;7
4837;2015;ANÍBAL DINIZ;5;14;AC;PT;13/12/1962;56;M;21160,45;;
118;2011;ANTONIO CARLOS JUNIOR;2;7;BA;DEM;24/09/1952;66;M;14941,47;;
3;2017;ANTÔNIO CARLOS VALADARES;6;34;SE;PSB;06/04/1943;76;M;347111,89;66;7
3;2012;ANTÔNIO CARLOS VALADARES;5;13;SE;PSB;06/04/1943;76;M;233111,02;104;9
3;2014;ANTÔNIO CARLOS VALADARES;6;18;SE;PSB;06/04/1943;76;M;244180,47;66;6
3;2013;ANTÔNIO CARLOS VALADARES;5;28;SE;PSB;06/04/1943;76;M;312925,7;98;8
3;2011;ANTÔNIO CARLOS VALADARES;5;13;SE;PSB;06/04/1943;76;M;171749,47;75;8
3;2015;ANTÔNIO CARLOS VALADARES;6;24;SE;PSB;06/04/1943;76;M;333416,49;195;8
3;2016;ANTÔNIO CARLOS VALADARES;5;17;SE;PSB;06/04/1943;76;M;265583,27;80;8
4891;2012;ANTONIO RUSSO;6;33;MS;PR;14/07/1941;77;M;250871,02;11;4
4891;2014;;;;;;;;;;2;1
4891;2013;ANTONIO RUSSO;5;14;MS;PR;14/07/1941;77;M;16688,73;3;1
4891;2011;ANTONIO RUSSO;6;46;MS;PR;14/07/1941;77;M;155519,33;6;3
715;2017;ARMANDO MONTEIRO;6;61;PE;PTB;24/02/1952;67;M;409569,65;59;8
715;2012;ARMANDO MONTEIRO;6;65;PE;PTB;24/02/1952;67;M;321100,62;70;9
715;2014;ARMANDO MONTEIRO;6;29;PE;PTB;24/02/1952;67;M;198459,2;35;7
715;2013;ARMANDO MONTEIRO;6;55;PE;PTB;24/02/1952;67;M;400407,74;89;10
715;2011;ARMANDO MONTEIRO;6;94;PE;PTB;24/02/1952;67;M;283499,3;45;7
715;2016;ARMANDO MONTEIRO;6;27;PE;PTB;24/02/1952;67;M;156706,42;40;6
5164;2017;ATAÍDES OLIVEIRA;4;28;TO;PSDB;18/12/1959;59;M;264956,64;81;10
5164;2014;ATAÍDES OLIVEIRA;5;27;TO;PSDB;18/12/1959;59;M;284403,73;31;5
5164;2013;ATAÍDES OLIVEIRA;4;17;TO;PSDB;18/12/1959;59;M;143984,67;47;5
5164;2011;ATAÍDES OLIVEIRA;3;12;TO;PSDB;18/12/1959;59;M;105908,62;16;3
5164;2015;ATAÍDES OLIVEIRA;5;29;TO;PSDB;18/12/1959;59;M;292559,49;174;8
5164;2016;ATAÍDES OLIVEIRA;4;20;TO;PSDB;18/12/1959;59;M;299616,21;69;6
3432;2011;AUGUSTO BOTELHO;2;4;RR;PT;24/12/1947;71;M;14700;;
3823;2017;BENEDITO DE LIRA;4;25;AL;PP;01/05/1942;76;M;175683,97;41;7
3823;2012;BENEDITO DE LIRA;4;68;AL;PP;01/05/1942;76;M;179224,38;55;8
3823;2014;BENEDITO DE LIRA;4;48;AL;PP;01/05/1942;76;M;144331,81;25;5
3823;2013;BENEDITO DE LIRA;6;39;AL;PP;01/05/1942;76;M;263300,97;49;8
3823;2011;BENEDITO DE LIRA;6;44;AL;PP;01/05/1942;76;M;163840,65;24;8
3823;2015;BENEDITO DE LIRA;4;35;AL;PP;01/05/1942;76;M;183695,11;108;8
3823;2016;BENEDITO DE LIRA;4;40;AL;PP;01/05/1942;76;M;172961,28;30;3
111;2012;BLAIRO MAGGI;6;44;MT;PR;29/05/1956;62;M;135990,85;64;8
111;2014;BLAIRO MAGGI;4;16;MT;PR;29/05/1956;62;M;71008,47;19;5
111;2013;BLAIRO MAGGI;6;37;MT;PR;29/05/1956;62;M;216752,81;72;10
111;2011;BLAIRO MAGGI;5;61;MT;PR;29/05/1956;62;M;147846,28;60;8
111;2015;BLAIRO MAGGI;6;24;MT;PR;29/05/1956;62;M;154411,42;166;10
111;2016;BLAIRO MAGGI;5;16;MT;PR;29/05/1956;62;M;108393,18;25;6
13;2012;CASILDO MALDANER;6;163;SC;MDB;02/04/1942;77;M;291071,25;58;5
13;2014;CASILDO MALDANER;6;106;SC;MDB;02/04/1942;77;M;326156,25;36;4
13;2013;CASILDO MALDANER;6;119;SC;MDB;02/04/1942;77;M;315005,08;62;6
13;2011;CASILDO MALDANER;6;153;SC;MDB;02/04/1942;77;M;227057,03;31;8
13;2015;CASILDO MALDANER;5;20;SC;MDB;02/04/1942;77;M;14608,15;;
5197;2017;CÁSSIO CUNHA LIMA;6;77;PB;PSDB;05/04/1963;55;M;400008;53;7
5197;2012;CÁSSIO CUNHA LIMA;6;89;PB;PSDB;05/04/1963;55;M;199499,9;48;8
5197;2014;CÁSSIO CUNHA LIMA;6;82;PB;PSDB;05/04/1963;55;M;125204,45;35;5
5197;2013;CÁSSIO CUNHA LIMA;6;103;PB;PSDB;05/04/1963;55;M;317883,89;73;8
5197;2011;CÁSSIO CUNHA LIMA;2;13;PB;PSDB;05/04/1963;55;M;12827,54;6;3
5197;2015;CÁSSIO CUNHA LIMA;6;79;PB;PSDB;05/04/1963;55;M;409746,5;203;7
5197;2016;CÁSSIO CUNHA LIMA;6;58;PB;PSDB;05/04/1963;55;M;170378,9;39;6
4529;2012;CÍCERO LUCENA;4;18;PB;PSDB;05/08/1957;61;M;414116,31;45;6
4529;2014;CÍCERO LUCENA;4;17;PB;PSDB;05/08/1957;61;M;421884,28;55;9
4529;2013;CÍCERO LUCENA;4;21;PB;PSDB;05/08/1957;61;M;415508,17;115;12
4529;2011;CÍCERO LUCENA;4;20;PB;PSDB;05/08/1957;61;M;354124,2;42;7
4529;2015;CÍCERO LUCENA;2;3;PB;PSDB;05/08/1957;61;M;11768,01;;
739;2017;CIRO NOGUEIRA;3;130;PI;PP;21/11/1968;50;M;433236,29;23;4
739;2012;CIRO NOGUEIRA;4;125;PI;PP;21/11/1968;50;M;462108,19;36;4
739;2014;CIRO NOGUEIRA;6;113;PI;PP;21/11/1968;50;M;430496,82;34;5
739;2013;CIRO NOGUEIRA;5;116;PI;PP;21/11/1968;50;M;427349,59;43;5
739;2011;CIRO NOGUEIRA;4;59;PI;PP;21/11/1968;50;M;369972,38;42;5
739;2015;CIRO NOGUEIRA;5;83;PI;PP;21/11/1968;50;M;419531,8;61;6
739;2016;CIRO NOGUEIRA;4;101;PI;PP;21/11/1968;50;M;440047,81;25;3
4895;2012;CLÉSIO ANDRADE;5;14;MG;MDB;12/10/1952;66;M;130681,07;48;5
4895;2014;CLÉSIO ANDRADE;4;12;MG;MDB;12/10/1952;66;M;71148,13;16;4
4895;2013;CLÉSIO ANDRADE;5;16;MG;MDB;12/10/1952;66;M;118713,24;67;7
4895;2011;CLÉSIO ANDRADE;4;16;MG;MDB;12/10/1952;66;M;100085,27;22;6
3881;2012;CLÓVIS FECURY;4;12;MA;DEM;08/02/1969;50;M;248503,88;2;1
3881;2011;CLÓVIS FECURY;5;12;MA;DEM;08/02/1969;50;M;94662,07;;
4877;2012;CYRO MIRANDA;6;32;GO;PSDB;04/02/1946;73;M;242630,49;103;10
4877;2014;CYRO MIRANDA;7;29;GO;PSDB;04/02/1946;73;M;251617,46;108;8
4877;2013;CYRO MIRANDA;7;28;GO;PSDB;04/02/1946;73;M;228248,94;126;11
4877;2011;CYRO MIRANDA;7;40;GO;PSDB;04/02/1946;73;M;231160,95;80;13
4877;2015;CYRO MIRANDA;3;4;GO;PSDB;04/02/1946;73;M;21045,2;;
3637;2011;DANIMAR CRISTINA;4;94;PR;S/P;03/06/1956;62;F;14643,61;;
3360;2012;DELCIDIO DO AMARAL;5;18;MS;PT;08/02/1955;64;M;306174,71;46;6
3360;2014;DELCIDIO DO AMARAL;4;14;MS;PT;08/02/1955;64;M;215269,29;12;4
3360;2013;DELCIDIO DO AMARAL;5;15;MS;PT;08/02/1955;64;M;321745,48;51;8
3360;2011;DELCIDIO DO AMARAL;5;18;MS;PT;08/02/1955;64;M;250104,89;47;9
3360;2015;DELCIDIO DO AMARAL;3;15;MS;PT;08/02/1955;64;M;243099,92;115;6
3399;2012;DEMÓSTENES TORRES;6;17;GO;S/P;23/01/1961;58;M;96114,88;7;3
3399;2011;DEMÓSTENES TORRES;6;19;GO;S/P;23/01/1961;58;M;247356,53;66;8
4721;2017;EDUARDO AMORIM;6;42;SE;PSC;17/05/1963;55;M;329374,49;56;6
4721;2012;EDUARDO AMORIM;7;45;SE;PSC;17/05/1963;55;M;221216,3;38;3
4721;2014;EDUARDO AMORIM;6;35;SE;PSC;17/05/1963;55;M;183500,93;28;5
4721;2013;EDUARDO AMORIM;6;67;SE;PSC;17/05/1963;55;M;318030,66;51;7
4721;2011;EDUARDO AMORIM;5;26;SE;PSC;17/05/1963;55;M;171722,48;38;8
4721;2015;EDUARDO AMORIM;7;46;SE;PSC;17/05/1963;55;M;355302;126;10
4721;2016;EDUARDO AMORIM;7;43;SE;PSC;17/05/1963;55;M;305915,14;58;7
3400;2011;EDUARDO AZEREDO;3;15;MG;PSDB;09/09/1948;70;M;15000;;
3400;2015;;;;;;;;;;1;1
4994;2017;EDUARDO BRAGA;4;21;AM;MDB;06/12/1960;58;M;491105,83;46;8
4994;2012;EDUARDO BRAGA;2;6;AM;MDB;06/12/1960;58;M;354484,02;88;12
4994;2014;EDUARDO BRAGA;2;6;AM;MDB;06/12/1960;58;M;188518,56;44;7
4994;2013;EDUARDO BRAGA;3;5;AM;MDB;06/12/1960;58;M;370765,85;60;5
4994;2011;EDUARDO BRAGA;1;2;AM;MDB;06/12/1960;58;M;49702,57;82;8
4994;2016;EDUARDO BRAGA;4;8;AM;MDB;06/12/1960;58;M;293426,22;14;4
17;2012;EDUARDO SUPLICY;6;88;SP;PT;21/06/1941;77;M;176254,13;113;12
17;2014;EDUARDO SUPLICY;4;47;SP;PT;21/06/1941;77;M;193615,45;111;11
17;2013;EDUARDO SUPLICY;6;86;SP;PT;21/06/1941;77;M;188533,3;153;14
17;2011;EDUARDO SUPLICY;5;53;SP;PT;21/06/1941;77;M;82675;73;9
17;2015;EDUARDO SUPLICY;2;2;SP;PT;21/06/1941;77;M;20304,23;;
707;2011;EFRAIM MORAIS;2;2;PB;DEM;04/09/1952;66;M;14997;;
20;2012;EPITÁCIO CAFETEIRA;4;13;MA;PTB;27/06/1924;94;M;245891,95;5;1
20;2014;EPITÁCIO CAFETEIRA;2;5;MA;PTB;27/06/1924;94;M;24432,01;5;3
20;2013;EPITÁCIO CAFETEIRA;3;8;MA;PTB;27/06/1924;94;M;138901,59;10;3
20;2011;EPITÁCIO CAFETEIRA;3;11;MA;PTB;27/06/1924;94;M;209501,16;5;2
20;2015;EPITÁCIO CAFETEIRA;1;4;MA;PTB;27/06/1924;94;M;1865,95;;
4525;2017;FERNANDO COLLOR;3;4;AL;PTB;12/08/1949;69;M;344574,25;27;7
4525;2012;FERNANDO COLLOR;6;38;AL;PTB;12/08/1949;69;M;420617,89;18;4
4525;2014;FERNANDO COLLOR;3;3;AL;PTB;12/08/1949;69;M;420674,39;19;3
4525;2013;FERNANDO COLLOR;4;6;AL;PTB;12/08/1949;69;M;420674,4;39;5
4525;2011;FERNANDO COLLOR;4;28;AL;PTB;12/08/1949;69;M;398082,24;29;5
4525;2015;FERNANDO COLLOR;2;2;AL;PTB;12/08/1949;69;M;420674,4;45;8
4525;2016;FERNANDO COLLOR;2;2;AL;PTB;12/08/1949;69;M;420471,01;2;2
3634;2017;FLEXA RIBEIRO;7;35;PA;PSDB;12/09/1945;73;M;422372,64;89;15
3634;2012;FLEXA RIBEIRO;7;47;PA;PSDB;12/09/1945;73;M;321084,05;80;7
3634;2014;FLEXA RIBEIRO;5;39;PA;PSDB;12/09/1945;73;M;386931,72;61;9
3634;2013;FLEXA RIBEIRO;5;41;PA;PSDB;12/09/1945;73;M;304058,78;116;13
3634;2011;FLEXA RIBEIRO;7;44;PA;PSDB;12/09/1945;73;M;335215,16;84;12
3634;2015;FLEXA RIBEIRO;6;30;PA;PSDB;12/09/1945;73;M;350582,62;201;13
3634;2016;FLEXA RIBEIRO;7;34;PA;PSDB;12/09/1945;73;M;364022,34;76;11
765;2012;FRANCISCO DORNELLES;5;65;RJ;PP;07/01/1935;84;M;373371,23;49;8
765;2014;FRANCISCO DORNELLES;4;11;RJ;PP;07/01/1935;84;M;364418,53;14;4
765;2013;FRANCISCO DORNELLES;4;42;RJ;PP;07/01/1935;84;M;373481,24;62;9
765;2011;FRANCISCO DORNELLES;5;79;RJ;PP;07/01/1935;84;M;291635,44;46;7
4935;2012;GARIBALDI ALVES;3;38;RN;MDB;27/05/1923;95;M;120200,7;18;2
4935;2014;GARIBALDI ALVES;2;5;RN;MDB;27/05/1923;95;M;9184,99;7;2
4935;2013;GARIBALDI ALVES;3;27;RN;MDB;27/05/1923;95;M;132692,42;5;2
4935;2011;GARIBALDI ALVES;3;23;RN;MDB;27/05/1923;95;M;65530,24;6;3
4522;2011;GEOVANI BORGES;3;15;AP;MDB;16/05/1953;65;M;315031,42;15;4
3392;2011;GERALDO MESQUITA JÚNIOR;1;2;AC;MDB;06/11/1948;70;M;793,25;;
28;2011;GERSON CAMATA;4;29;ES;MDB;29/06/1941;77;M;4589,98;;
3626;2011;GILBERTO GOELLNER;1;13;MT;DEM;09/02/1947;72;M;5370,85;;
30;2011;GILVAM BORGES;3;5;AP;MDB;01/08/1958;60;M;44730;4;3
4776;2012;GIM ARGELLO;4;10;DF;PTB;05/04/1962;56;M;252144,47;72;8
4776;2014;GIM ARGELLO;2;4;DF;PTB;05/04/1962;56;M;247450;46;7
4776;2013;GIM ARGELLO;3;10;DF;PTB;05/04/1962;56;M;232960,74;82;10
4776;2011;GIM ARGELLO;3;5;DF;PTB;05/04/1962;56;M;240467,43;37;7
5006;2017;GLEISI HOFFMANN;6;192;PR;PT;06/09/1965;53;F;376432,98;97;10
5006;2014;GLEISI HOFFMANN;6;52;PR;PT;06/09/1965;53;F;238601,58;35;5
5006;2011;GLEISI HOFFMANN;6;138;PR;PT;06/09/1965;53;F;64112,77;33;10
5006;2015;GLEISI HOFFMANN;6;154;PR;PT;06/09/1965;53;F;366922,79;113;10
5006;2016;GLEISI HOFFMANN;5;139;PR;PT;06/09/1965;53;F;343444,72;85;10
1179;2011;HÉLIO COSTA;4;28;MG;PMDB;17/08/1939;79;M;12466,28;;
740;2011;HERÁCLITO FORTES;4;14;PI;PSB;01/08/1950;68;M;15000;;
740;2015;;;;;;;;;;1;1
5008;2017;HUMBERTO COSTA;6;223;PE;PT;07/07/1957;61;M;431928,93;96;10
5008;2012;HUMBERTO COSTA;7;450;PE;PT;07/07/1957;61;M;411800,24;55;6
5008;2014;HUMBERTO COSTA;6;171;PE;PT;07/07/1957;61;M;386731,86;93;9
5008;2013;HUMBERTO COSTA;7;326;PE;PT;07/07/1957;61;M;357477,73;100;13
5008;2011;HUMBERTO COSTA;6;266;PE;PT;07/07/1957;61;M;287177,26;107;11
5008;2015;HUMBERTO COSTA;6;155;PE;PT;07/07/1957;61;M;415062,91;140;7
5008;2016;HUMBERTO COSTA;6;189;PE;PT;07/07/1957;61;M;433763,14;114;11
613;2012;INÁCIO ARRUDA;6;70;CE;PCDOB;05/05/1957;61;M;351549,52;65;9
613;2014;INÁCIO ARRUDA;6;69;CE;PCDOB;05/05/1957;61;M;348355,43;82;11
613;2013;INÁCIO ARRUDA;6;81;CE;PCDOB;05/05/1957;61;M;409769,3;113;11
613;2011;INÁCIO ARRUDA;6;64;CE;PCDOB;05/05/1957;61;M;294303,59;82;9
613;2015;INÁCIO ARRUDA;5;24;CE;PCDOB;05/05/1957;61;M;32604,19;;
5004;2017;IVO CASSOL;6;68;RO;PP;20/01/1959;60;M;410696,19;44;4
5004;2012;IVO CASSOL;6;220;RO;PP;20/01/1959;60;M;415256,7;53;5
5004;2014;IVO CASSOL;6;123;RO;PP;20/01/1959;60;M;292140,19;27;5
5004;2013;IVO CASSOL;6;148;RO;PP;20/01/1959;60;M;415382,4;52;8
5004;2011;IVO CASSOL;5;114;RO;PP;20/01/1959;60;M;204838,18;25;5
5004;2015;IVO CASSOL;5;91;RO;PP;20/01/1959;60;M;415182,4;84;10
5004;2016;IVO CASSOL;6;130;RO;PP;20/01/1959;60;M;413382,4;41;6
4937;2012;IVONETE DANTAS;3;58;RN;MDB;16/08/1959;59;M;35294,97;2;2
4937;2014;IVONETE DANTAS;4;74;RN;MDB;16/08/1959;59;M;227841,06;19;3
4937;2011;IVONETE DANTAS;3;23;RN;MDB;16/08/1959;59;M;11133,19;;
4937;2015;IVONETE DANTAS;4;11;RN;MDB;16/08/1959;59;M;18459,62;;
4545;2012;JARBAS VASCONCELOS;7;54;PE;MDB;23/08/1942;76;M;297441,61;35;3
4545;2014;JARBAS VASCONCELOS;5;52;PE;MDB;23/08/1942;76;M;309039,31;35;5
4545;2013;JARBAS VASCONCELOS;5;56;PE;MDB;23/08/1942;76;M;316669,97;61;5
4545;2011;JARBAS VASCONCELOS;6;53;PE;MDB;23/08/1942;76;M;258118,17;18;3
4545;2015;JARBAS VASCONCELOS;5;22;PE;MDB;23/08/1942;76;M;21775,93;;
4531;2012;JAYME CAMPOS;5;30;MT;DEM;13/09/1951;67;M;225470,44;58;4
4531;2014;JAYME CAMPOS;4;21;MT;DEM;13/09/1951;67;M;162756,4;49;9
4531;2013;JAYME CAMPOS;5;35;MT;DEM;13/09/1951;67;M;178676,92;51;7
4531;2011;JAYME CAMPOS;6;35;MT;DEM;13/09/1951;67;M;183046,05;26;5
4531;2015;JAYME CAMPOS;2;2;MT;DEM;13/09/1951;67;M;7991,79;;
4792;2011;JEFFERSON PRAIA;2;4;AM;PSDB;31/05/1959;59;M;1234,92;;
950;2017;JOÃO ALBERTO SOUZA;5;10;MA;MDB;01/10/1935;83;M;315466,87;18;4
950;2012;JOÃO ALBERTO SOUZA;4;7;MA;MDB;01/10/1935;83;M;68560,43;3;2
950;2014;JOÃO ALBERTO SOUZA;5;11;MA;MDB;01/10/1935;83;M;336811,3;16;4
950;2013;JOÃO ALBERTO SOUZA;6;9;MA;MDB;01/10/1935;83;M;427631,11;15;4
950;2011;JOÃO ALBERTO SOUZA;4;14;MA;MDB;01/10/1935;83;M;258346,96;2;1
950;2015;JOÃO ALBERTO SOUZA;5;8;MA;MDB;01/10/1935;83;M;275077,72;40;5
950;2016;JOÃO ALBERTO SOUZA;4;7;MA;MDB;01/10/1935;83;M;196745,37;5;2
3394;2017;JOÃO CAPIBERIBE;6;50;AP;PSB;06/05/1947;71;M;509948,87;56;7
3394;2012;JOÃO CAPIBERIBE;6;132;AP;PSB;06/05/1947;71;M;448980,13;42;9
3394;2014;JOÃO CAPIBERIBE;7;77;AP;PSB;06/05/1947;71;M;395256,93;46;7
3394;2013;JOÃO CAPIBERIBE;7;129;AP;PSB;06/05/1947;71;M;487372,71;77;12
3394;2011;JOÃO CAPIBERIBE;5;15;AP;PSB;06/05/1947;71;M;35886,78;3;2
3394;2015;JOÃO CAPIBERIBE;6;74;AP;PSB;06/05/1947;71;M;513999,08;172;11
3394;2016;JOÃO CAPIBERIBE;6;60;AP;PSB;06/05/1947;71;M;502997,57;70;9
4537;2012;JOÃO DURVAL;6;44;BA;PDT;08/05/1929;89;M;305857,34;24;3
4537;2014;JOÃO DURVAL;6;41;BA;PDT;08/05/1929;89;M;351133,08;10;3
4537;2013;JOÃO DURVAL;6;73;BA;PDT;08/05/1929;89;M;341691,8;32;5
4537;2011;JOÃO DURVAL;6;50;BA;PDT;08/05/1929;89;M;300252,9;16;5
4537;2015;JOÃO DURVAL;3;6;BA;PDT;08/05/1929;89;M;17998,64;;
3593;2011;JOÃO FAUSTINO;2;10;RN;PSDB;16/07/1942;76;M;9447,8;;
4774;2011;JOÃO PEDRO;6;74;AM;PT;14/09/1952;66;M;65268,25;19;6
916;2012;JOÃO RIBEIRO;3;19;TO;PR;25/06/1954;64;M;291259,81;13;3
916;2013;JOÃO RIBEIRO;2;7;TO;PR;25/06/1954;64;M;44199,34;3;1
916;2011;JOÃO RIBEIRO;4;11;TO;PR;25/06/1954;64;M;151795,26;8;2
3652;2011;JOÃO TENÓRIO;2;5;AL;PSDB;25/10/1943;75;M;3103,88;;
4541;2012;JOÃO VICENTE CLAUDINO;6;34;PI;PTB;09/02/1963;56;M;450945,51;40;4
4541;2014;JOÃO VICENTE CLAUDINO;6;25;PI;PTB;09/02/1963;56;M;427429,92;22;6
4541;2013;JOÃO VICENTE CLAUDINO;6;32;PI;PTB;09/02/1963;56;M;443092;41;4
4541;2011;JOÃO VICENTE CLAUDINO;6;27;PI;PTB;09/02/1963;56;M;270034,12;27;4
4541;2015;JOÃO VICENTE CLAUDINO;5;9;PI;PTB;09/02/1963;56;M;38834,45;;
4990;2017;JORGE VIANA;6;53;AC;PT;20/09/1959;59;M;340340,36;114;12
4990;2012;JORGE VIANA;6;103;AC;PT;20/09/1959;59;M;308272,29;53;9
4990;2014;JORGE VIANA;7;78;AC;PT;20/09/1959;59;M;342042,8;44;7
4990;2013;JORGE VIANA;5;97;AC;PT;20/09/1959;59;M;325879,1;70;9
4990;2011;JORGE VIANA;6;92;AC;PT;20/09/1959;59;M;221686,79;58;9
4990;2015;JORGE VIANA;6;72;AC;PT;20/09/1959;59;M;334708,56;109;10
4990;2016;JORGE VIANA;6;61;AC;PT;20/09/1959;59;M;363350,03;52;10
40;2017;JOSÉ AGRIPINO;7;13;RN;DEM;23/05/1945;73;M;300882,35;31;5
40;2012;JOSÉ AGRIPINO;6;16;RN;DEM;23/05/1945;73;M;275920,43;66;7
40;2014;JOSÉ AGRIPINO;7;16;RN;DEM;23/05/1945;73;M;284412,29;44;9
40;2013;JOSÉ AGRIPINO;7;16;RN;DEM;23/05/1945;73;M;262217,55;74;8
40;2011;JOSÉ AGRIPINO;7;22;RN;DEM;23/05/1945;73;M;245001,64;18;6
40;2015;JOSÉ AGRIPINO;6;14;RN;DEM;23/05/1945;73;M;288272,01;119;5
40;2016;JOSÉ AGRIPINO;7;14;RN;DEM;23/05/1945;73;M;306939,26;47;6
4547;2011;JOSÉ NERY;5;26;PA;PSOL;27/03/1959;60;M;14399,15;;
615;2017;JOSÉ PIMENTEL;6;127;CE;PT;16/10/1953;65;M;425858,82;65;7
615;2012;JOSÉ PIMENTEL;5;107;CE;PT;16/10/1953;65;M;415677,21;77;8
615;2014;JOSÉ PIMENTEL;5;93;CE;PT;16/10/1953;65;M;454502,15;44;8
615;2013;JOSÉ PIMENTEL;6;140;CE;PT;16/10/1953;65;M;453189,51;65;10
615;2011;JOSÉ PIMENTEL;6;117;CE;PT;16/10/1953;65;M;246319,08;28;7
615;2015;JOSÉ PIMENTEL;6;80;CE;PT;16/10/1953;65;M;457407,63;134;8
615;2016;JOSÉ PIMENTEL;6;126;CE;PT;16/10/1953;65;M;379273,11;45;7
47;2012;JOSÉ SARNEY;1;1;AP;MDB;24/04/1930;88;M;51102;15;3
47;2014;;;;;;;;;;9;4
47;2013;JOSÉ SARNEY;1;2;AP;MDB;24/04/1930;88;M;3759,93;23;4
47;2011;JOSÉ SARNEY;2;2;AP;MDB;24/04/1930;88;M;42000;44;6
1249;2017;KÁTIA ABREU;6;31;TO;MDB;02/02/1962;57;F;265779,61;36;7
1249;2012;KÁTIA ABREU;6;55;TO;MDB;02/02/1962;57;F;179270,02;16;8
1249;2014;KÁTIA ABREU;7;44;TO;MDB;02/02/1962;57;F;302582,4;20;7
1249;2013;KÁTIA ABREU;7;43;TO;MDB;02/02/1962;57;F;255183,61;27;10
1249;2011;KÁTIA ABREU;7;77;TO;MDB;02/02/1962;57;F;247709,68;19;6
1249;2016;KÁTIA ABREU;5;42;TO;MDB;02/02/1962;57;F;111441,26;14;5
5156;2012;LAURO ANTÔNIO;5;26;SE;PR;31/03/1959;60;M;69348,25;17;3
5156;2014;;;;;;;;;;2;1
5156;2011;LAURO ANTÔNIO;2;12;SE;PR;31/03/1959;60;M;19345,6;4;3
4575;2017;LÍDICE DA MATA;5;93;BA;PSB;12/03/1956;63;F;278951,18;115;10
4575;2012;LÍDICE DA MATA;5;252;BA;PSB;12/03/1956;63;F;374339,59;72;12
4575;2014;LÍDICE DA MATA;6;116;BA;PSB;12/03/1956;63;F;327271,78;58;8
4575;2013;LÍDICE DA MATA;6;218;BA;PSB;12/03/1956;63;F;390293,96;108;11
4575;2011;LÍDICE DA MATA;6;207;BA;PSB;12/03/1956;63;F;281105,93;74;12
4575;2015;LÍDICE DA MATA;6;184;BA;PSB;12/03/1956;63;F;406615,32;178;12
4575;2016;LÍDICE DA MATA;6;106;BA;PSB;12/03/1956;63;F;262078,34;91;11
3695;2017;LINDBERGH FARIAS;4;11;RJ;PT;08/12/1969;49;M;375321,04;226;16
3695;2012;LINDBERGH FARIAS;5;18;RJ;PT;08/12/1969;49;M;364313,83;45;8
3695;2014;LINDBERGH FARIAS;2;5;RJ;PT;08/12/1969;49;M;350057,46;23;5
3695;2013;LINDBERGH FARIAS;2;11;RJ;PT;08/12/1969;49;M;375873,43;52;8
3695;2011;LINDBERGH FARIAS;5;18;RJ;PT;08/12/1969;49;M;270527,16;106;9
3695;2015;LINDBERGH FARIAS;4;6;RJ;PT;08/12/1969;49;M;378970,03;102;9
3695;2016;LINDBERGH FARIAS;3;7;RJ;PT;08/12/1969;49;M;372467,29;77;9
3579;2012;LOBÃO FILHO;4;9;MA;MDB;17/09/1964;54;M;244626,74;23;3
3579;2014;LOBÃO FILHO;3;9;MA;MDB;17/09/1964;54;M;241031,15;27;6
3579;2013;LOBÃO FILHO;3;10;MA;MDB;17/09/1964;54;M;281126,22;42;8
3579;2011;LOBÃO FILHO;4;9;MA;MDB;17/09/1964;54;M;173262,64;26;8
643;2017;LÚCIA VÂNIA;6;79;GO;PSDB;15/10/1944;74;F;253071,32;46;4
643;2012;LÚCIA VÂNIA;7;47;GO;PSDB;15/10/1944;74;F;252542,4;37;5
643;2014;LÚCIA VÂNIA;6;40;GO;PSDB;15/10/1944;74;F;252542,4;43;8
643;2013;LÚCIA VÂNIA;6;51;GO;PSDB;15/10/1944;74;F;252542,4;45;7
643;2011;LÚCIA VÂNIA;5;32;GO;PSDB;15/10/1944;74;F;219442,83;53;5
643;2015;LÚCIA VÂNIA;7;89;GO;PSDB;15/10/1944;74;F;251825,05;98;7
643;2016;LÚCIA VÂNIA;6;89;GO;PSDB;15/10/1944;74;F;252453,45;38;6
3643;2011;LUIZ CARLOS;3;32;SC;S/P;20/03/1956;63;M;13326,1;;
5002;2012;LUIZ HENRIQUE;6;105;SC;MDB;25/02/1940;79;M;282551,04;36;7
5002;2014;LUIZ HENRIQUE;6;70;SC;MDB;25/02/1940;79;M;341506,33;46;10
5002;2013;LUIZ HENRIQUE;6;98;SC;MDB;25/02/1940;79;M;331428,26;94;12
5002;2011;LUIZ HENRIQUE;5;106;SC;MDB;25/02/1940;79;M;203555,41;42;10
5002;2015;LUIZ HENRIQUE;6;47;SC;MDB;25/02/1940;79;M;114444,54;43;7
631;2017;MAGNO MALTA;5;15;ES;PR;16/10/1957;61;M;314224,38;44;5
631;2012;MAGNO MALTA;4;42;ES;PR;16/10/1957;61;M;316086,76;37;6
631;2014;MAGNO MALTA;6;24;ES;PR;16/10/1957;61;M;390399,38;21;3
631;2013;MAGNO MALTA;6;32;ES;PR;16/10/1957;61;M;397705,3;37;6
631;2011;MAGNO MALTA;5;34;ES;PR;16/10/1957;61;M;189353,96;23;4
631;2015;MAGNO MALTA;6;17;ES;PR;16/10/1957;61;M;396910,09;97;7
631;2016;MAGNO MALTA;6;15;ES;PR;16/10/1957;61;M;378840,79;62;6
3364;2011;MÃO SANTA;1;1;PI;MDB;13/10/1942;76;M;15000;;
3366;2012;MARCELO CRIVELLA;4;23;RJ;PRB;09/10/1957;61;M;23282,3;8;3
3366;2014;MARCELO CRIVELLA;6;50;RJ;PRB;09/10/1957;61;M;166400,77;29;5
3366;2011;MARCELO CRIVELLA;6;214;RJ;PRB;09/10/1957;61;M;262510,82;85;9
3366;2015;MARCELO CRIVELLA;6;172;RJ;PRB;09/10/1957;61;M;379497,05;92;10
3366;2016;MARCELO CRIVELLA;6;155;RJ;PRB;09/10/1957;61;M;180992,11;28;6
1023;2017;MARIA DO CARMO ALVES;3;22;SE;DEM;23/08/1941;77;F;188979,01;30;5
1023;2012;MARIA DO CARMO ALVES;3;15;SE;DEM;23/08/1941;77;F;99695,71;24;3
1023;2014;MARIA DO CARMO ALVES;3;12;SE;DEM;23/08/1941;77;F;102850,17;44;7
1023;2013;MARIA DO CARMO ALVES;3;12;SE;DEM;23/08/1941;77;F;159340,95;39;5
1023;2011;MARIA DO CARMO ALVES;3;11;SE;DEM;23/08/1941;77;F;104929,56;17;5
1023;2015;MARIA DO CARMO ALVES;3;9;SE;DEM;23/08/1941;77;F;110360,08;116;5
1023;2016;MARIA DO CARMO ALVES;2;2;SE;DEM;23/08/1941;77;F;2252,4;3;1
59;2011;MARINA SILVA;3;8;AC;PV;08/02/1958;61;F;6489,54;;
4998;2011;MARINOR BRITO;7;332;PA;PSOL;07/03/1959;60;F;332638,96;55;8
4539;2012;MÁRIO COUTO;6;214;PA;PSDB;14/01/1946;73;M;373781,26;46;3
4539;2014;MÁRIO COUTO;4;67;PA;PSDB;14/01/1946;73;M;227118,38;29;4
4539;2013;MÁRIO COUTO;4;115;PA;PSDB;14/01/1946;73;M;430145,89;68;5
4539;2011;MÁRIO COUTO;6;176;PA;PSDB;14/01/1946;73;M;308069,92;24;2
4539;2015;MÁRIO COUTO;2;4;PA;PSDB;14/01/1946;73;M;4016,6;;
527;2011;MARISA SERRANO;5;80;MS;PSDB;21/06/1947;71;F;92964,02;19;5
5000;2017;MARTA SUPLICY;6;60;PT;SP;18/03/1945;74;F;287673,02;61;8
5000;2012;MARTA SUPLICY;6;99;PT;SP;18/03/1945;74;F;187381,91;33;9
5000;2014;MARTA SUPLICY;1;2;PT;SP;18/03/1945;74;F;8278,56;2;1
5000;2011;MARTA SUPLICY;6;92;PT;SP;18/03/1945;74;F;119117,68;37;6
5000;2015;MARTA SUPLICY;6;35;PT;SP;18/03/1945;74;F;205920,65;85;9
5000;2016;MARTA SUPLICY;6;14;PT;SP;18/03/1945;74;F;291299,63;32;6
952;2012;MOZARILDO CAVALCANTI;7;169;RR;PTB;11/06/1944;74;M;464182,08;57;7
952;2014;MOZARILDO CAVALCANTI;6;55;RR;PTB;11/06/1944;74;M;488693,4;67;7
952;2013;MOZARILDO CAVALCANTI;7;91;RR;PTB;11/06/1944;74;M;345285,21;55;6
952;2011;MOZARILDO CAVALCANTI;7;197;RR;PTB;11/06/1944;74;M;448390,48;55;10
3644;2011;NEUTO DE CONTO;3;18;SC;MDB;08/09/1938;80;M;15000;;
66;2011;OSMAR DIAS;4;51;PR;PDT;10/05/1952;66;M;15000;;
3393;2011;PAPALÉO PAES;2;3;AP;PSDB;27/08/1952;66;M;618,8;;
3397;2011;PATRÍCIA SABOYA GOMES;3;4;CE;PDT;10/10/1962;56;F;14030,19;;
3741;2017;PAULO BAUER;5;195;SC;PSDB;20/03/1957;62;M;352392,83;57;7
3741;2012;PAULO BAUER;6;265;SC;PSDB;20/03/1957;62;M;391410,72;62;5
3741;2014;PAULO BAUER;6;178;SC;PSDB;20/03/1957;62;M;297033,62;37;8
3741;2013;PAULO BAUER;5;193;SC;PSDB;20/03/1957;62;M;298936,11;45;7
3741;2011;PAULO BAUER;6;255;SC;PSDB;20/03/1957;62;M;258730,59;53;6
3741;2015;PAULO BAUER;6;225;SC;PSDB;20/03/1957;62;M;392837,72;81;10
3741;2016;PAULO BAUER;5;217;SC;PSDB;20/03/1957;62;M;394455,84;69;5
5020;2012;PAULO DAVIM;6;54;RN;PV;25/10/1959;59;M;223172,68;95;7
5020;2014;PAULO DAVIM;5;48;RN;PV;25/10/1959;59;M;216140,91;44;9
5020;2013;PAULO DAVIM;5;54;RN;PV;25/10/1959;59;M;265241,35;71;7
5020;2011;PAULO DAVIM;6;50;RN;PV;25/10/1959;59;M;196138,41;42;6
825;2017;PAULO PAIM;6;234;RS;PT;15/03/1950;69;M;430481,06;360;11
825;2012;PAULO PAIM;5;220;RS;PT;15/03/1950;69;M;391115,68;237;7
825;2014;PAULO PAIM;5;202;RS;PT;15/03/1950;69;M;359412,8;149;9
825;2013;PAULO PAIM;6;225;RS;PT;15/03/1950;69;M;360963,42;212;9
825;2011;PAULO PAIM;7;243;RS;PT;15/03/1950;69;M;341776,42;198;9
825;2015;PAULO PAIM;6;164;RS;PT;15/03/1950;69;M;253614,72;422;9
825;2016;PAULO PAIM;6;233;RS;PT;15/03/1950;69;M;417713,7;272;12
68;2012;PEDRO SIMON;1;3;RS;MDB;31/01/1930;89;M;44374,35;53;7
68;2014;PEDRO SIMON;2;4;RS;MDB;31/01/1930;89;M;124283,67;51;7
68;2013;PEDRO SIMON;2;5;RS;MDB;31/01/1930;89;M;81312,76;81;10
68;2011;PEDRO SIMON;1;5;RS;MDB;31/01/1930;89;M;27569,46;36;8
68;2015;PEDRO SIMON;1;2;RS;MDB;31/01/1930;89;M;8767;;
5010;2012;PEDRO TAQUES;5;57;MT;PDT;15/03/1968;51;M;236539,38;118;9
5010;2014;PEDRO TAQUES;5;72;MT;PDT;15/03/1968;51;M;232048,24;48;8
5010;2013;PEDRO TAQUES;5;128;MT;PDT;15/03/1968;51;M;237510,9;143;12
5010;2011;PEDRO TAQUES;5;111;MT;PDT;15/03/1968;51;M;201865,41;80;7
5012;2017;RANDOLFE RODRIGUES;6;33;AP;PSOL;06/11/1972;46;M;411741,05;115;12
5012;2012;RANDOLFE RODRIGUES;6;108;AP;PSOL;06/11/1972;46;M;380012,42;112;13
5012;2014;RANDOLFE RODRIGUES;6;65;AP;PSOL;06/11/1972;46;M;381808,02;100;12
5012;2013;RANDOLFE RODRIGUES;6;117;AP;PSOL;06/11/1972;46;M;366455,74;176;14
5012;2011;RANDOLFE RODRIGUES;6;90;AP;PSOL;06/11/1972;46;M;298588,99;86;10
5012;2015;RANDOLFE RODRIGUES;5;44;AP;PSOL;06/11/1972;46;M;436303,85;249;11
5012;2016;RANDOLFE RODRIGUES;6;43;AP;PSOL;06/11/1972;46;M;469208,98;144;10
5072;2014;;;;;;;;;;2;1
5072;2011;REDITARIO CASSOL;5;103;RO;PP;07/04/1936;83;M;133130,03;13;3
70;2017;RENAN CALHEIROS;5;19;AL;MDB;16/09/1955;63;M;160845,77;23;3
70;2012;RENAN CALHEIROS;6;33;AL;MDB;16/09/1955;63;M;321013,29;32;5
70;2014;RENAN CALHEIROS;5;11;AL;MDB;16/09/1955;63;M;145908,25;9;2
70;2013;RENAN CALHEIROS;6;30;AL;MDB;16/09/1955;63;M;162212,48;15;5
70;2011;RENAN CALHEIROS;5;70;AL;MDB;16/09/1955;63;M;256160,83;18;8
70;2015;RENAN CALHEIROS;1;4;AL;MDB;16/09/1955;63;M;39628,87;20;2
70;2016;RENAN CALHEIROS;4;8;AL;MDB;16/09/1955;63;M;67359,63;6;3
635;2017;RICARDO FERRAÇO;6;39;ES;MDB;17/08/1963;55;M;339007,21;54;9
635;2012;RICARDO FERRAÇO;6;18;ES;MDB;17/08/1963;55;M;223393,37;70;10
635;2014;RICARDO FERRAÇO;6;31;ES;MDB;17/08/1963;55;M;309739,22;119;12
635;2013;RICARDO FERRAÇO;6;31;ES;MDB;17/08/1963;55;M;255532,04;122;12
635;2011;RICARDO FERRAÇO;6;26;ES;MDB;17/08/1963;55;M;156065,16;56;9
635;2015;RICARDO FERRAÇO;6;44;ES;MDB;17/08/1963;55;M;312880,76;193;11
635;2016;RICARDO FERRAÇO;6;32;ES;MDB;17/08/1963;55;M;279506,91;110;9
3631;2011;ROBERTO CAVALCANTI;2;6;PB;PRB;05/05/1946;72;M;4179,16;;
72;2017;ROBERTO REQUIÃO;6;80;PR;MDB;05/03/1941;78;M;354075,14;52;7
72;2012;ROBERTO REQUIÃO;7;208;PR;MDB;05/03/1941;78;M;339696,23;61;5
72;2014;ROBERTO REQUIÃO;7;179;PR;MDB;05/03/1941;78;M;334187,38;52;6
72;2013;ROBERTO REQUIÃO;7;241;PR;MDB;05/03/1941;78;M;350101,54;58;11
72;2011;ROBERTO REQUIÃO;7;96;PR;MDB;05/03/1941;78;M;159430,39;32;6
72;2015;ROBERTO REQUIÃO;7;148;PR;MDB;05/03/1941;78;M;373661,75;85;5
72;2016;ROBERTO REQUIÃO;7;89;PR;MDB;05/03/1941;78;M;309428,14;45;6
73;2017;ROMERO JUCÁ;6;48;RR;MDB;30/11/1954;64;M;483935,67;80;13
73;2012;ROMERO JUCÁ;7;35;RR;MDB;30/11/1954;64;M;387397,03;54;8
73;2014;ROMERO JUCÁ;6;37;RR;MDB;30/11/1954;64;M;374984,18;40;5
73;2013;ROMERO JUCÁ;6;41;RR;MDB;30/11/1954;64;M;342656,66;57;7
73;2011;ROMERO JUCÁ;7;83;RR;MDB;30/11/1954;64;M;355829,47;56;7
73;2015;ROMERO JUCÁ;6;42;RR;MDB;30/11/1954;64;M;486574,44;108;9
73;2016;ROMERO JUCÁ;6;32;RR;MDB;30/11/1954;64;M;446448,98;33;5
4560;2017;SÉRGIO PETECÃO;5;31;AC;PSD;20/04/1960;58;M;447119,08;40;5
4560;2012;SÉRGIO PETECÃO;6;28;AC;PSD;20/04/1960;58;M;460001,07;28;4
4560;2014;SÉRGIO PETECÃO;6;25;AC;PSD;20/04/1960;58;M;466253,38;35;7
4560;2013;SÉRGIO PETECÃO;5;31;AC;PSD;20/04/1960;58;M;464521,52;41;7
4560;2011;SÉRGIO PETECÃO;6;40;AC;PSD;20/04/1960;58;M;370438,24;16;3
4560;2015;SÉRGIO PETECÃO;5;19;AC;PSD;20/04/1960;58;M;462861,19;90;6
4560;2016;SÉRGIO PETECÃO;5;23;AC;PSD;20/04/1960;58;M;463456,45;29;3
5048;2017;;;;;;;;;;8;1
5048;2012;SÉRGIO SOUZA;7;223;PR;MDB;13/03/1971;48;M;267472,23;106;9
5048;2014;SÉRGIO SOUZA;5;29;PR;MDB;13/03/1971;48;M;23655,25;;
5048;2013;SÉRGIO SOUZA;7;281;PR;MDB;13/03/1971;48;M;353359,25;94;13
5048;2011;SÉRGIO SOUZA;7;147;PR;MDB;13/03/1971;48;M;149508,13;35;7
5048;2015;;;;;;;;;;1;1
5048;2016;;;;;;;;;;1;1
3375;2011;SÉRGIO ZAMBIASI;4;12;RS;PTB;09/09/1949;69;M;7861,7;;
3362;2011;SERYS SLHESSARENKO;4;16;MT;PTB;02/04/1945;74;F;14429,31;;
3372;2017;VALDIR RAUPP;4;98;RO;MDB;24/08/1955;63;M;409549,02;65;9
3372;2012;VALDIR RAUPP;5;36;RO;MDB;24/08/1955;63;M;275702,22;46;7
3372;2014;VALDIR RAUPP;4;32;RO;MDB;24/08/1955;63;M;415382,4;53;5
3372;2013;VALDIR RAUPP;4;53;RO;MDB;24/08/1955;63;M;415382,4;82;12
3372;2011;VALDIR RAUPP;5;43;RO;MDB;24/08/1955;63;M;320470,38;28;5
3372;2015;VALDIR RAUPP;4;63;RO;MDB;24/08/1955;63;M;413572,28;150;10
3372;2016;VALDIR RAUPP;4;79;RO;MDB;24/08/1955;63;M;415018,64;54;8
3629;2011;VALTER PEREIRA;5;12;MS;MDB;03/12/1943;75;M;11876,27;;
558;2017;VANESSA GRAZZIOTIN;6;61;AM;PCDOB;29/06/1961;57;F;503429,09;261;13
558;2012;VANESSA GRAZZIOTIN;6;115;AM;PCDOB;29/06/1961;57;F;399513,35;263;12
558;2014;VANESSA GRAZZIOTIN;6;68;AM;PCDOB;29/06/1961;57;F;487593,41;283;10
558;2013;VANESSA GRAZZIOTIN;6;128;AM;PCDOB;29/06/1961;57;F;515969,34;288;13
558;2011;VANESSA GRAZZIOTIN;6;162;AM;PCDOB;29/06/1961;57;F;383584,68;266;10
558;2015;VANESSA GRAZZIOTIN;6;64;AM;PCDOB;29/06/1961;57;F;515107,17;298;16
558;2016;VANESSA GRAZZIOTIN;6;58;AM;PCDOB;29/06/1961;57;F;477079,76;166;13
4763;2017;VICENTINHO ALVES;3;14;TO;PR;01/10/1957;61;M;302582,4;32;4
4763;2012;VICENTINHO ALVES;6;114;TO;PR;01/10/1957;61;M;251195,18;25;6
4763;2014;VICENTINHO ALVES;6;39;TO;PR;01/10/1957;61;M;301065,69;29;6
4763;2013;VICENTINHO ALVES;5;41;TO;PR;01/10/1957;61;M;207605,15;27;5
4763;2011;VICENTINHO ALVES;5;84;TO;PR;01/10/1957;61;M;255917,87;28;9
4763;2015;VICENTINHO ALVES;6;19;TO;PR;01/10/1957;61;M;302582,4;58;5
4763;2016;VICENTINHO ALVES;5;16;TO;PR;01/10/1957;61;M;299890,52;25;3
4645;2012;VITAL DO RÊGO;6;135;PB;MDB;21/09/1963;55;M;383512,41;71;6
4645;2014;VITAL DO RÊGO;4;71;PB;MDB;21/09/1963;55;M;288397,83;56;7
4645;2013;VITAL DO RÊGO;5;112;PB;MDB;21/09/1963;55;M;342924,06;133;13
4645;2011;VITAL DO RÊGO;5;149;PB;MDB;21/09/1963;55;M;215750,78;68;6
1176;2017;WALDEMIR MOKA;6;64;MS;MDB;10/10/1951;67;M;254502,95;33;6
1176;2012;WALDEMIR MOKA;6;106;MS;MDB;10/10/1951;67;M;333746,02;38;5
1176;2014;WALDEMIR MOKA;6;85;MS;MDB;10/10/1951;67;M;384936,15;48;10
1176;2013;WALDEMIR MOKA;6;88;MS;MDB;10/10/1951;67;M;385304,89;70;12
1176;2011;WALDEMIR MOKA;6;80;MS;MDB;10/10/1951;67;M;262031,37;37;10
1176;2015;WALDEMIR MOKA;7;59;MS;MDB;10/10/1951;67;M;317605,35;141;8
1176;2016;WALDEMIR MOKA;6;41;MS;MDB;10/10/1951;67;M;265638,06;54;5
604;2017;WALTER PINHEIRO;1;1;BA;PT;25/05/1959;59;M;3322,58;;
604;2012;WALTER PINHEIRO;6;73;BA;PT;25/05/1959;59;M;247767,63;77;11
604;2014;WALTER PINHEIRO;4;51;BA;PT;25/05/1959;59;M;166183,39;52;9
604;2013;WALTER PINHEIRO;6;89;BA;PT;25/05/1959;59;M;233187,38;61;10
604;2011;WALTER PINHEIRO;5;75;BA;PT;25/05/1959;59;M;190093,04;88;10
604;2015;WALTER PINHEIRO;5;46;BA;PT;25/05/1959;59;M;175530,91;138;11
604;2016;WALTER PINHEIRO;5;33;BA;PT;25/05/1959;59;M;78455,02;28;5
5016;2012;WELLINGTON DIAS;5;39;PI;PT;05/03/1962;57;M;421996,11;47;7
5016;2014;WELLINGTON DIAS;5;62;PI;PT;05/03/1962;57;M;371695,72;25;6
5016;2013;WELLINGTON DIAS;5;118;PI;PT;05/03/1962;57;M;465101,72;97;11
5016;2011;WELLINGTON DIAS;5;56;PI;PT;05/03/1962;57;M;326862,12;46;9
3811;2011;WILSON SANTIAGO;6;88;PB;MDB;10/06/1957;61;M;282758,27;18;4
5144;2017;ZEZÉ PERRELLA;5;275;MG;PDT;22/02/1957;62;M;331094,1;10;3
5144;2012;ZEZÉ PERRELLA;4;27;MG;PDT;22/02/1957;62;M;335361,85;27;3
5144;2014;ZEZÉ PERRELLA;6;24;MG;PDT;22/02/1957;62;M;254646,81;27;5
5144;2013;ZEZÉ PERRELLA;5;23;MG;PDT;22/02/1957;62;M;222520,97;43;5
5144;2011;ZEZÉ PERRELLA;4;32;MG;PDT;22/02/1957;62;M;161942,97;10;4
5144;2015;ZEZÉ PERRELLA;4;49;MG;PDT;22/02/1957;62;M;341787,74;73;4
5144;2016;ZEZÉ PERRELLA;5;115;MG;PDT;22/02/1957;62;M;322433,8;24;3
5140;2017;;;;;;;;;;57;8
5529;2017;;;;;;;;;;71;7
5529;2015;;;;;;;;;;210;9
5529;2016;;;;;;;;;;75;7
4897;2014;;;;;;;;;;28;5
5150;2012;;;;;;;;;;3;2
5150;2014;;;;;;;;;;31;6
5150;2013;;;;;;;;;;46;6
4983;2012;;;;;;;;;;9;4
5108;2017;;;;;;;;;;53;7
5108;2012;;;;;;;;;;25;3
5108;2014;;;;;;;;;;23;5
5108;2016;;;;;;;;;;44;5
3398;2017;;;;;;;;;;96;13
3398;2012;;;;;;;;;;66;7
3398;2014;;;;;;;;;;80;11
3398;2013;;;;;;;;;;100;16
3398;2011;;;;;;;;;;66;8
3398;2015;;;;;;;;;;229;11
3398;2016;;;;;;;;;;123;11
5132;2017;;;;;;;;;;40;9
5132;2015;;;;;;;;;;61;8
5132;2016;;;;;;;;;;41;6
3830;2017;;;;;;;;;;54;7
3830;2012;;;;;;;;;;1;1
3830;2015;;;;;;;;;;199;8
3830;2016;;;;;;;;;;46;8
5199;2016;;;;;;;;;;21;4
5637;2015;;;;;;;;;;171;9
5637;2016;;;;;;;;;;26;6
5178;2014;;;;;;;;;;13;3
5178;2015;;;;;;;;;;93;10
5178;2016;;;;;;;;;;22;3
5537;2017;;;;;;;;;;54;7
5537;2015;;;;;;;;;;146;12
5537;2016;;;;;;;;;;77;8
16;2017;;;;;;;;;;27;6
16;2015;;;;;;;;;;65;6
16;2016;;;;;;;;;;27;4
4767;2017;;;;;;;;;;58;7
4767;2012;;;;;;;;;;45;4
4767;2014;;;;;;;;;;5;3
4767;2013;;;;;;;;;;62;7
4767;2016;;;;;;;;;;6;3
4969;2017;;;;;;;;;;9;2
5531;2017;;;;;;;;;;82;11
5531;2015;;;;;;;;;;156;7
5531;2016;;;;;;;;;;83;6
612;2017;;;;;;;;;;8;3
612;2012;;;;;;;;;;40;5
612;2014;;;;;;;;;;16;5
612;2013;;;;;;;;;;51;6
612;2011;;;;;;;;;;55;8
612;2015;;;;;;;;;;62;5
612;2016;;;;;;;;;;26;5
5540;2017;;;;;;;;;;80;10
5540;2015;;;;;;;;;;181;12
5540;2016;;;;;;;;;;77;10
2632;2015;;;;;;;;;;28;2
4873;2014;;;;;;;;;;23;6
3713;2017;;;;;;;;;;111;10
3713;2012;;;;;;;;;;1;1
3713;2014;;;;;;;;;;1;1
3713;2015;;;;;;;;;;119;8
3713;2016;;;;;;;;;;96;10
87;2017;;;;;;;;;;64;7
87;2015;;;;;;;;;;171;4
87;2016;;;;;;;;;;82;6
5615;2016;;;;;;;;;;2;1
4558;2017;;;;;;;;;;23;4
4558;2015;;;;;;;;;;80;5
4558;2016;;;;;;;;;;28;5
5100;2017;;;;;;;;;;104;12
5100;2015;;;;;;;;;;216;12
5100;2016;;;;;;;;;;127;11
1754;2011;;;;;;;;;;16;4
35;2017;;;;;;;;;;25;3
35;2012;;;;;;;;;;10;2
35;2014;;;;;;;;;;14;2
35;2013;;;;;;;;;;26;3
35;2015;;;;;;;;;;53;3
35;2016;;;;;;;;;;9;2
878;2017;;;;;;;;;;5;2
878;2016;;;;;;;;;;30;4
3361;2017;;;;;;;;;;43;3
3361;2015;;;;;;;;;;41;3
3361;2016;;;;;;;;;;35;4
5112;2017;;;;;;;;;;110;10
5112;2015;;;;;;;;;;223;11
5112;2016;;;;;;;;;;129;10
90;2017;;;;;;;;;;25;5
90;2015;;;;;;;;;;99;6
90;2016;;;;;;;;;;15;4
5166;2012;;;;;;;;;;12;5
5166;2013;;;;;;;;;;13;4
5158;2014;;;;;;;;;;27;5
5533;2017;;;;;;;;;;89;9
5533;2015;;;;;;;;;;190;11
5533;2016;;;;;;;;;;127;9
4788;2012;;;;;;;;;;12;1
5281;2014;;;;;;;;;;3;1
5281;2013;;;;;;;;;;1;1
5281;2015;;;;;;;;;;1;1
64;2014;;;;;;;;;;20;5
5525;2017;;;;;;;;;;33;5
5525;2015;;;;;;;;;;116;6
5525;2016;;;;;;;;;;27;3
1210;2013;;;;;;;;;;30;9
5523;2017;;;;;;;;;;52;7
5523;2015;;;;;;;;;;167;6
5523;2016;;;;;;;;;;45;7
5617;2016;;;;;;;;;;20;4
374;2017;;;;;;;;;;97;8
374;2012;;;;;;;;;;2;2
374;2015;;;;;;;;;;91;7
374;2016;;;;;;;;;;57;8
5116;2017;;;;;;;;;;67;11
5116;2016;;;;;;;;;;28;5
4606;2016;;;;;;;;;;5;2
2207;2017;;;;;;;;;;39;6
2207;2015;;;;;;;;;;115;6
2207;2016;;;;;;;;;;52;5
5182;2017;;;;;;;;;;119;12
5182;2015;;;;;;;;;;167;10
5182;2016;;;;;;;;;;77;9
5236;2017;;;;;;;;;;52;5
5236;2015;;;;;;;;;;175;7
5236;2016;;;;;;;;;;56;5
5635;2015;;;;;;;;;;6;3
5635;2016;;;;;;;;;;29;4
5052;2017;;;;;;;;;;40;8
5052;2016;;;;;;;;;;25;6
677;2017;;;;;;;;;;50;8
677;2015;;;;;;;;;;119;9
677;2016;;;;;;;;;;33;6
4593;2012;;;;;;;;;;130;11
4593;2014;;;;;;;;;;46;12
4593;2013;;;;;;;;;;96;14
4593;2011;;;;;;;;;;160;12
5322;2017;;;;;;;;;;65;7
5322;2015;;;;;;;;;;206;10
5322;2016;;;;;;;;;;83;6
456;2017;;;;;;;;;;53;9
456;2014;;;;;;;;;;1;1
456;2011;;;;;;;;;;1;1
456;2015;;;;;;;;;;239;13
456;2016;;;;;;;;;;73;11
2331;2017;;;;;;;;;;70;6
2331;2015;;;;;;;;;;87;9
2331;2016;;;;;;;;;;44;8
4893;2014;;;;;;;;;;89;9
4893;2013;;;;;;;;;;82;9
5038;2015;;;;;;;;;;74;8
5038;2016;;;;;;;;;;5;3
5527;2017;;;;;;;;;;43;7
5527;2015;;;;;;;;;;160;10
5527;2016;;;;;;;;;;61;7
4957;2013;;;;;;;;;;21;3
5106;2017;;;;;;;;;;11;4
3396;2017;;;;;;;;;;43;7
3396;2015;;;;;;;;;;137;9
3396;2016;;;;;;;;;;50;6
5535;2017;;;;;;;;;;48;8
5535;2015;;;;;;;;;;147;12
5535;2016;;;;;;;;;;116;14
5619;2017;;;;;;;;;;15;3
4949;2012;;;;;;;;;;24;7
4786;2016;;;;;;;;;;12;2
1173;2017;;;;;;;;;;60;12
1173;2014;;;;;;;;;;2;1
1173;2011;;;;;;;;;;1;1
1173;2015;;;;;;;;;;103;11
1173;2016;;;;;;;;;;60;8
5070;2017;;;;;;;;;;50;7
5070;2012;;;;;;;;;;18;3
5070;2014;;;;;;;;;;34;5
5070;2013;;;;;;;;;;42;4
5070;2015;;;;;;;;;;104;6
5070;2016;;;;;;;;;;44;5
4772;2014;;;;;;;;;;21;4
