﻿<SASReport version="1.0">
      <Data>
            <IQData type="2DEmbedded" name="TreeData">
                  <EmbeddedData>
                        <Variables>
                              <Variable name="Var1" varName="Var1" type="String" />
                              <Variable name="Var2" varName="Var2" type="String" />
                              <Variable name="Var3" varName="Var3" type="Numeric" />
                              <Variable name="Var4" varName="Var4" type="Numeric" />
                              <Variable name="Var5" varName="Var5" type="Numeric" />
                              <Variable name="Var6" varName="Var6" type="Numeric" />
                              <Variable name="Var7" varName="Var7" type="String"  />
                              <Variable name="Var8" varName="Var8" type="String" />
                              <Variable name="Var9" varName="Var9" type="Numeric" />
                        </Variables>
                        <ValuesList>
    <Values>
      <Value>Non-Missing Values</Value>
      <Value>Imputed VALOR_REEMBOLSADO</Value>
      <Value>10</Value>
      <Value>96.17</Value>
      <Value>1</Value>
      <Value>0</Value>
      <Value>          5:        96.2%
 Count:       185852</Value>
      <Value>Node Id:            1&#10;&#10;5:        96.2%&#10;1:         3.7%&#10;2:         0.1%&#10;3:         0.0%&#10;4:         0.0%&#10;6:         0.0%&#10; Count:       185852</Value>
      <Value>185852</Value>
    </Values>
    <Values>
      <Value>&lt; 22873.1 Or Missing</Value>
      <Value>Imputed VALOR_REEMBOLSADO</Value>
      <Value>9.9883240428</Value>
      <Value>96.28</Value>
      <Value>2</Value>
      <Value>1</Value>
      <Value>          5:        96.3%
 Count:       185635</Value>
      <Value>Node Id:            2&#10;&#10;5:        96.3%&#10;1:         3.7%&#10;2:         0.0%&#10;3:         0.0%&#10;4:         0.0%&#10;6:         0.0%&#10; Count:       185635</Value>
      <Value>185635</Value>
    </Values>
    <Values>
      <Value>&gt;= 22873.1</Value>
      <Value></Value>
      <Value>0.0116759572</Value>
      <Value>97.24</Value>
      <Value>3</Value>
      <Value>1</Value>
      <Value>          2:        97.2%
 Count:          217</Value>
      <Value>Node Id:            3&#10;&#10;5:         0.0%&#10;1:         0.0%&#10;2:        97.2%&#10;3:         1.4%&#10;4:         0.9%&#10;6:         0.5%&#10; Count:          217</Value>
      <Value>217</Value>
    </Values>
    <Values>
      <Value>&lt; 4469.24 Or Missing</Value>
      <Value>Imputed VALOR_REEMBOLSADO</Value>
      <Value>9.6354088199</Value>
      <Value>99.8</Value>
      <Value>4</Value>
      <Value>2</Value>
      <Value>          5:        99.8%
 Count:       179076</Value>
      <Value>Node Id:            4&#10;&#10;5:        99.8%&#10;1:         0.2%&#10;2:         0.0%&#10;3:         0.0%&#10;4:         0.0%&#10;6:         0.0%&#10; Count:       179076</Value>
      <Value>179076</Value>
    </Values>
    <Values>
      <Value>&gt;= 4469.24</Value>
      <Value></Value>
      <Value>0.3529152229</Value>
      <Value>99.68</Value>
      <Value>5</Value>
      <Value>2</Value>
      <Value>          1:        99.7%
 Count:         6559</Value>
      <Value>Node Id:            5&#10;&#10;5:         0.3%&#10;1:        99.7%&#10;2:         0.0%&#10;3:         0.0%&#10;4:         0.0%&#10;6:         0.0%&#10; Count:         6559</Value>
      <Value>6559</Value>
    </Values>
    <Values>
      <Value>&lt; 3964.5 Or Missing</Value>
      <Value></Value>
      <Value>9.5584120698</Value>
      <Value>99.97</Value>
      <Value>6</Value>
      <Value>4</Value>
      <Value>          5:       100.0%
 Count:       177645</Value>
      <Value>Node Id:            6&#10;&#10;5:       100.0%&#10;1:         0.0%&#10;2:         0.0%&#10;3:         0.0%&#10;4:         0.0%&#10;6:         0.0%&#10; Count:       177645</Value>
      <Value>177645</Value>
    </Values>
    <Values>
      <Value>&gt;= 3964.5</Value>
      <Value>TIPO_DESPESA</Value>
      <Value>0.0769967501</Value>
      <Value>78.76</Value>
      <Value>7</Value>
      <Value>4</Value>
      <Value>          5:        78.8%
 Count:         1431</Value>
      <Value>Node Id:            7&#10;&#10;5:        78.8%&#10;1:        21.2%&#10;2:         0.0%&#10;3:         0.0%&#10;4:         0.0%&#10;6:         0.0%&#10; Count:         1431</Value>
      <Value>1431</Value>
    </Values>
    <Values>
      <Value>CONTRATAÇÃO DE CONSULTORIAS, ASS, ...</Value>
      <Value></Value>
      <Value>0.0137205949</Value>
      <Value>100</Value>
      <Value>12</Value>
      <Value>7</Value>
      <Value>          1:       100.0%
 Count:          255</Value>
      <Value>Node Id:           12&#10;&#10;5:         0.0%&#10;1:       100.0%&#10;2:         0.0%&#10;3:         0.0%&#10;4:         0.0%&#10;6:         0.0%&#10; Count:          255</Value>
      <Value>255</Value>
    </Values>
    <Values>
      <Value>PASSAGENS AÉREAS, AQUÁTICAS E TE, ... Or Missing</Value>
      <Value></Value>
      <Value>0.0632761552</Value>
      <Value>95.83</Value>
      <Value>13</Value>
      <Value>7</Value>
      <Value>          5:        95.8%
 Count:         1176</Value>
      <Value>Node Id:           13&#10;&#10;5:        95.8%&#10;1:         4.2%&#10;2:         0.0%&#10;3:         0.0%&#10;4:         0.0%&#10;6:         0.0%&#10; Count:         1176</Value>
      <Value>1176</Value>
    </Values>
                        </ValuesList>
                  </EmbeddedData>
            </IQData>
      </Data>

      <View>
            <Section>
                  <Body>
                        <Graph name="DecisionTree" >
                              <ChartDataList>
                                    <ChartData name="DTreeData" data="TreeData" >
                                          <Roles>
                                                <Role type="AboveText"   variable="Var1" > </Role>
                                                <Role type="BelowText"   variable="Var2" > </Role>
                                                <Role type="LinkWidth"   variable="Var3" > </Role>
                                                <Role type="NodeColor"   variable="Var4" > </Role>
                                                <Role type="ID"      variable="Var5" > </Role>
                                                <Role type="Parent"    variable="Var6" > </Role>
                                                <Role type="NodeText"    variable="Var7" > </Role>
                                                <Role type="ToolTipText" variable="Var8" > </Role>
                                                <Role type="NodeSize"    variable="Var9" > </Role>
                                          </Roles>
                                    </ChartData>
                              </ChartDataList>
                              <ColorMappers>
                                    <ColorRamp  name="NodeColorRamp"
                                                      underFlowColor="Red"
                                                      overflowColor="Green"
                                                      low="0"
                                                      high="1000"
                                                      beginColor="CX0000FF"
                                                      endColor="CXFFFFFF" >
                                    </ColorRamp>
                                    <ColorRamp  name="LinkColorRamp"
                                                      low="1"
                                                      high="10"
                                                      beginColor="CX000000"
                                                      endColor="CX000000" >
                                    </ColorRamp>
                              </ColorMappers>
                              <ChartAreas>
                                    <ChartArea>
                                          <Charts>
                                          <DecisionTree name="DTree"
                                                  chartData="DTreeData"
                                                  selectionColor="CX00FF00"
                                                  orientation="Vertical"
                                                  emptyNodes="False"
                                                  legendVisible="False"
                                                  titleAnchor="Root"
                                                  footnoteAnchor="Chart"
                                                  displayDepth="4" >

                                    <SplitVarList>
                                          <SplitVar name="SPLIT VAR A" type="DISCRETE" missingBranch="3" values="1,A:1,B:2,C:3,D"/>
                                          <SplitVar name="SPLIT VAR B" type="CONTINUOUS" breaks="10:50:100" />
                                    </SplitVarList>

                                    <IciclePlot isVisible="True"></IciclePlot>

                                    <NodeStyle colorMapper="NodeColorRamp"
                                                   outlineColor="Black"
                                                   outlineWidth="1">
                                          <NodeText textColor="Black"
                                                        textFont="SansSerif"
                                                        textSize="12 pt"
                                                        textFlags="Bold" />
                                    </NodeStyle>
                                    <FlaggedNodeStyle color="CXFF8844"
                                                              outlineColor="Black"
                                                              outlineWidth="3" >
                                          <FlaggedNodeText textColor="Black"
                                                        textFont="SansSerif"
                                                        textSize="12 pt"
                                                        textFlags="Italic" />
                                    </FlaggedNodeStyle>
                                    <LinkStyle textVisible="True"
                                                   colorMapper="LinkColorRamp"
                                                   linkStyle="Manhattan"
                                                   staticWidth="3" >
                                          <LinkText textColor="Black"
                                                        textFont="SansSerif"
                                                        textSize="10 pt"
                                                        textFlags="Bold" />
                                    </LinkStyle>
                                    <GraphStyle numBars="3"
                                                      numStacks="3"
                                                      axisMin="0"
                                                      axisMax="20"
                                                      orientation="Vertical"
                                                      visible="True" >
                                    </GraphStyle>
                              </DecisionTree>
                              </Charts>
                        </ChartArea>
                  </ChartAreas>
            </Graph>
      </Body>
      </Section>
      </View>

  </SASReport>

