﻿<SASReport version="1.0">
      <Data>
            <IQData type="2DEmbedded" name="TreeData">
                  <EmbeddedData>
                        <Variables>
                              <Variable name="Var1" varName="Var1" type="String" />
                              <Variable name="Var2" varName="Var2" type="String" />
                              <Variable name="Var3" varName="Var3" type="Numeric" />
                              <Variable name="Var4" varName="Var4" type="Numeric" />
                              <Variable name="Var5" varName="Var5" type="Numeric" />
                              <Variable name="Var6" varName="Var6" type="Numeric" />
                              <Variable name="Var7" varName="Var7" type="String"  />
                              <Variable name="Var8" varName="Var8" type="String" />
                              <Variable name="Var9" varName="Var9" type="Numeric" />
                        </Variables>
                        <ValuesList>
    <Values>
      <Value>Non-Missing Values</Value>
      <Value>VALOR_REEMBOLSADO</Value>
      <Value>10</Value>
      <Value>97.97</Value>
      <Value>1</Value>
      <Value>0</Value>
      <Value>          4:        98.0%
 Count:       185793</Value>
      <Value>Node Id:            1&#10;&#10;4:        98.0%&#10;3:         2.0%&#10;2:         0.0%&#10;1:         0.0%&#10; Count:       185793</Value>
      <Value>185793</Value>
    </Values>
    <Values>
      <Value>&lt; 5890.69 Or Missing</Value>
      <Value></Value>
      <Value>9.7727578542</Value>
      <Value>100</Value>
      <Value>2</Value>
      <Value>1</Value>
      <Value>          4:       100.0%
 Count:       181571</Value>
      <Value>Node Id:            2&#10;&#10;4:       100.0%&#10;3:         0.0%&#10;2:         0.0%&#10;1:         0.0%&#10; Count:       181571</Value>
      <Value>181571</Value>
    </Values>
    <Values>
      <Value>&gt;= 5890.69</Value>
      <Value>VALOR_REEMBOLSADO</Value>
      <Value>0.2272421458</Value>
      <Value>87.57</Value>
      <Value>3</Value>
      <Value>1</Value>
      <Value>          3:        87.6%
 Count:         4222</Value>
      <Value>Node Id:            3&#10;&#10;4:        11.0%&#10;3:        87.6%&#10;2:         0.1%&#10;1:         1.4%&#10; Count:         4222</Value>
      <Value>4222</Value>
    </Values>
    <Values>
      <Value>&lt; 6339.94</Value>
      <Value>TIPO_DESPESA</Value>
      <Value>0.0344469383</Value>
      <Value>72.03</Value>
      <Value>6</Value>
      <Value>3</Value>
      <Value>          4:        72.0%
 Count:          640</Value>
      <Value>Node Id:            6&#10;&#10;4:        72.0%&#10;3:        28.0%&#10;2:         0.0%&#10;1:         0.0%&#10; Count:          640</Value>
      <Value>640</Value>
    </Values>
    <Values>
      <Value>&gt;= 6339.94 Or Missing</Value>
      <Value></Value>
      <Value>0.1927952076</Value>
      <Value>98.21</Value>
      <Value>7</Value>
      <Value>3</Value>
      <Value>          3:        98.2%
 Count:         3582</Value>
      <Value>Node Id:            7&#10;&#10;4:         0.1%&#10;3:        98.2%&#10;2:         0.1%&#10;1:         1.6%&#10; Count:         3582</Value>
      <Value>3582</Value>
    </Values>
    <Values>
      <Value>DIVULGAÇÃO DA ATIVIDADE PARLAMEN, ...</Value>
      <Value></Value>
      <Value>0.016093179</Value>
      <Value>57.19</Value>
      <Value>10</Value>
      <Value>6</Value>
      <Value>          3:        57.2%
 Count:          299</Value>
      <Value>Node Id:           10&#10;&#10;4:        42.8%&#10;3:        57.2%&#10;2:         0.0%&#10;1:         0.0%&#10; Count:          299</Value>
      <Value>299</Value>
    </Values>
    <Values>
      <Value>LOCOMOÇÃO, HOSPEDAGEM, ALIMENTAÇ, ... Or Missing</Value>
      <Value></Value>
      <Value>0.0183537593</Value>
      <Value>97.65</Value>
      <Value>11</Value>
      <Value>6</Value>
      <Value>          4:        97.7%
 Count:          341</Value>
      <Value>Node Id:           11&#10;&#10;4:        97.7%&#10;3:         2.3%&#10;2:         0.0%&#10;1:         0.0%&#10; Count:          341</Value>
      <Value>341</Value>
    </Values>
                        </ValuesList>
                  </EmbeddedData>
            </IQData>
      </Data>

      <View>
            <Section>
                  <Body>
                        <Graph name="DecisionTree" >
                              <ChartDataList>
                                    <ChartData name="DTreeData" data="TreeData" >
                                          <Roles>
                                                <Role type="AboveText"   variable="Var1" > </Role>
                                                <Role type="BelowText"   variable="Var2" > </Role>
                                                <Role type="LinkWidth"   variable="Var3" > </Role>
                                                <Role type="NodeColor"   variable="Var4" > </Role>
                                                <Role type="ID"      variable="Var5" > </Role>
                                                <Role type="Parent"    variable="Var6" > </Role>
                                                <Role type="NodeText"    variable="Var7" > </Role>
                                                <Role type="ToolTipText" variable="Var8" > </Role>
                                                <Role type="NodeSize"    variable="Var9" > </Role>
                                          </Roles>
                                    </ChartData>
                              </ChartDataList>
                              <ColorMappers>
                                    <ColorRamp  name="NodeColorRamp"
                                                      underFlowColor="Red"
                                                      overflowColor="Green"
                                                      low="0"
                                                      high="1000"
                                                      beginColor="CX0000FF"
                                                      endColor="CXFFFFFF" >
                                    </ColorRamp>
                                    <ColorRamp  name="LinkColorRamp"
                                                      low="1"
                                                      high="10"
                                                      beginColor="CX000000"
                                                      endColor="CX000000" >
                                    </ColorRamp>
                              </ColorMappers>
                              <ChartAreas>
                                    <ChartArea>
                                          <Charts>
                                          <DecisionTree name="DTree"
                                                  chartData="DTreeData"
                                                  selectionColor="CX00FF00"
                                                  orientation="Vertical"
                                                  emptyNodes="False"
                                                  legendVisible="False"
                                                  titleAnchor="Root"
                                                  footnoteAnchor="Chart"
                                                  displayDepth="4" >

                                    <SplitVarList>
                                          <SplitVar name="SPLIT VAR A" type="DISCRETE" missingBranch="3" values="1,A:1,B:2,C:3,D"/>
                                          <SplitVar name="SPLIT VAR B" type="CONTINUOUS" breaks="10:50:100" />
                                    </SplitVarList>

                                    <IciclePlot isVisible="True"></IciclePlot>

                                    <NodeStyle colorMapper="NodeColorRamp"
                                                   outlineColor="Black"
                                                   outlineWidth="1">
                                          <NodeText textColor="Black"
                                                        textFont="SansSerif"
                                                        textSize="12 pt"
                                                        textFlags="Bold" />
                                    </NodeStyle>
                                    <FlaggedNodeStyle color="CXFF8844"
                                                              outlineColor="Black"
                                                              outlineWidth="3" >
                                          <FlaggedNodeText textColor="Black"
                                                        textFont="SansSerif"
                                                        textSize="12 pt"
                                                        textFlags="Italic" />
                                    </FlaggedNodeStyle>
                                    <LinkStyle textVisible="True"
                                                   colorMapper="LinkColorRamp"
                                                   linkStyle="Manhattan"
                                                   staticWidth="3" >
                                          <LinkText textColor="Black"
                                                        textFont="SansSerif"
                                                        textSize="10 pt"
                                                        textFlags="Bold" />
                                    </LinkStyle>
                                    <GraphStyle numBars="3"
                                                      numStacks="3"
                                                      axisMin="0"
                                                      axisMax="20"
                                                      orientation="Vertical"
                                                      visible="True" >
                                    </GraphStyle>
                              </DecisionTree>
                              </Charts>
                        </ChartArea>
                  </ChartAreas>
            </Graph>
      </Body>
      </Section>
      </View>

  </SASReport>

