﻿<SASReport version="1.0">
      <Data>
            <IQData type="2DEmbedded" name="TreeData">
                  <EmbeddedData>
                        <Variables>
                              <Variable name="Var1" varName="Var1" type="String" />
                              <Variable name="Var2" varName="Var2" type="String" />
                              <Variable name="Var3" varName="Var3" type="Numeric" />
                              <Variable name="Var4" varName="Var4" type="Numeric" />
                              <Variable name="Var5" varName="Var5" type="Numeric" />
                              <Variable name="Var6" varName="Var6" type="Numeric" />
                              <Variable name="Var7" varName="Var7" type="String"  />
                              <Variable name="Var8" varName="Var8" type="String" />
                              <Variable name="Var9" varName="Var9" type="Numeric" />
                        </Variables>
                        <ValuesList>
    <Values>
      <Value>Non-Missing Values</Value>
      <Value>VALOR_REEMBOLSADO</Value>
      <Value>10</Value>
      <Value>95.42</Value>
      <Value>1</Value>
      <Value>0</Value>
      <Value>          5:        95.4%
 Count:       185793</Value>
      <Value>Node Id:            1&#10;&#10;5:        95.4%&#10;2:         4.4%&#10;6:         0.1%&#10;3:         0.0%&#10;4:         0.0%&#10;1:         0.0%&#10; Count:       185793</Value>
      <Value>185793</Value>
    </Values>
    <Values>
      <Value>&lt; 20512.22 Or Missing</Value>
      <Value>VALOR_REEMBOLSADO</Value>
      <Value>9.9856291679</Value>
      <Value>95.56</Value>
      <Value>2</Value>
      <Value>1</Value>
      <Value>          5:        95.6%
 Count:       185526</Value>
      <Value>Node Id:            2&#10;&#10;5:        95.6%&#10;2:         4.4%&#10;6:         0.0%&#10;3:         0.0%&#10;4:         0.0%&#10;1:         0.0%&#10; Count:       185526</Value>
      <Value>185526</Value>
    </Values>
    <Values>
      <Value>&gt;= 20512.22</Value>
      <Value></Value>
      <Value>0.0143708321</Value>
      <Value>95.51</Value>
      <Value>3</Value>
      <Value>1</Value>
      <Value>          6:        95.5%
 Count:          267</Value>
      <Value>Node Id:            3&#10;&#10;5:         0.0%&#10;2:         2.2%&#10;6:        95.5%&#10;3:         0.7%&#10;4:         0.4%&#10;1:         1.1%&#10; Count:          267</Value>
      <Value>267</Value>
    </Values>
    <Values>
      <Value>&lt; 3960.895 Or Missing</Value>
      <Value>VALOR_REEMBOLSADO</Value>
      <Value>9.5582718402</Value>
      <Value>99.77</Value>
      <Value>4</Value>
      <Value>2</Value>
      <Value>          5:        99.8%
 Count:       177586</Value>
      <Value>Node Id:            4&#10;&#10;5:        99.8%&#10;2:         0.2%&#10;6:         0.0%&#10;3:         0.0%&#10;4:         0.0%&#10;1:         0.0%&#10; Count:       177586</Value>
      <Value>177586</Value>
    </Values>
    <Values>
      <Value>&gt;= 3960.895</Value>
      <Value></Value>
      <Value>0.4273573278</Value>
      <Value>98.74</Value>
      <Value>5</Value>
      <Value>2</Value>
      <Value>          2:        98.7%
 Count:         7940</Value>
      <Value>Node Id:            5&#10;&#10;5:         1.3%&#10;2:        98.7%&#10;6:         0.0%&#10;3:         0.0%&#10;4:         0.0%&#10;1:         0.0%&#10; Count:         7940</Value>
      <Value>7940</Value>
    </Values>
    <Values>
      <Value>&lt; 3449.37 Or Missing</Value>
      <Value></Value>
      <Value>9.4736077247</Value>
      <Value>99.96</Value>
      <Value>6</Value>
      <Value>4</Value>
      <Value>          5:       100.0%
 Count:       176013</Value>
      <Value>Node Id:            6&#10;&#10;5:       100.0%&#10;2:         0.0%&#10;6:         0.0%&#10;3:         0.0%&#10;4:         0.0%&#10;1:         0.0%&#10; Count:       176013</Value>
      <Value>176013</Value>
    </Values>
    <Values>
      <Value>&gt;= 3449.37</Value>
      <Value>TIPO_DESPESA</Value>
      <Value>0.0846641154</Value>
      <Value>78.64</Value>
      <Value>7</Value>
      <Value>4</Value>
      <Value>          5:        78.6%
 Count:         1573</Value>
      <Value>Node Id:            7&#10;&#10;5:        78.6%&#10;2:        21.4%&#10;6:         0.0%&#10;3:         0.0%&#10;4:         0.0%&#10;1:         0.0%&#10; Count:         1573</Value>
      <Value>1573</Value>
    </Values>
    <Values>
      <Value>DIVULGAÇÃO DA ATIVIDADE PARLAMEN, ...</Value>
      <Value></Value>
      <Value>0.0172772925</Value>
      <Value>89.41</Value>
      <Value>12</Value>
      <Value>7</Value>
      <Value>          2:        89.4%
 Count:          321</Value>
      <Value>Node Id:           12&#10;&#10;5:        10.6%&#10;2:        89.4%&#10;6:         0.0%&#10;3:         0.0%&#10;4:         0.0%&#10;1:         0.0%&#10; Count:          321</Value>
      <Value>321</Value>
    </Values>
    <Values>
      <Value>LOCOMOÇÃO, HOSPEDAGEM, ALIMENTAÇ, ... Or Missing</Value>
      <Value></Value>
      <Value>0.067386823</Value>
      <Value>96.09</Value>
      <Value>13</Value>
      <Value>7</Value>
      <Value>          5:        96.1%
 Count:         1252</Value>
      <Value>Node Id:           13&#10;&#10;5:        96.1%&#10;2:         3.9%&#10;6:         0.0%&#10;3:         0.0%&#10;4:         0.0%&#10;1:         0.0%&#10; Count:         1252</Value>
      <Value>1252</Value>
    </Values>
                        </ValuesList>
                  </EmbeddedData>
            </IQData>
      </Data>

      <View>
            <Section>
                  <Body>
                        <Graph name="DecisionTree" >
                              <ChartDataList>
                                    <ChartData name="DTreeData" data="TreeData" >
                                          <Roles>
                                                <Role type="AboveText"   variable="Var1" > </Role>
                                                <Role type="BelowText"   variable="Var2" > </Role>
                                                <Role type="LinkWidth"   variable="Var3" > </Role>
                                                <Role type="NodeColor"   variable="Var4" > </Role>
                                                <Role type="ID"      variable="Var5" > </Role>
                                                <Role type="Parent"    variable="Var6" > </Role>
                                                <Role type="NodeText"    variable="Var7" > </Role>
                                                <Role type="ToolTipText" variable="Var8" > </Role>
                                                <Role type="NodeSize"    variable="Var9" > </Role>
                                          </Roles>
                                    </ChartData>
                              </ChartDataList>
                              <ColorMappers>
                                    <ColorRamp  name="NodeColorRamp"
                                                      underFlowColor="Red"
                                                      overflowColor="Green"
                                                      low="0"
                                                      high="1000"
                                                      beginColor="CX0000FF"
                                                      endColor="CXFFFFFF" >
                                    </ColorRamp>
                                    <ColorRamp  name="LinkColorRamp"
                                                      low="1"
                                                      high="10"
                                                      beginColor="CX000000"
                                                      endColor="CX000000" >
                                    </ColorRamp>
                              </ColorMappers>
                              <ChartAreas>
                                    <ChartArea>
                                          <Charts>
                                          <DecisionTree name="DTree"
                                                  chartData="DTreeData"
                                                  selectionColor="CX00FF00"
                                                  orientation="Vertical"
                                                  emptyNodes="False"
                                                  legendVisible="False"
                                                  titleAnchor="Root"
                                                  footnoteAnchor="Chart"
                                                  displayDepth="4" >

                                    <SplitVarList>
                                          <SplitVar name="SPLIT VAR A" type="DISCRETE" missingBranch="3" values="1,A:1,B:2,C:3,D"/>
                                          <SplitVar name="SPLIT VAR B" type="CONTINUOUS" breaks="10:50:100" />
                                    </SplitVarList>

                                    <IciclePlot isVisible="True"></IciclePlot>

                                    <NodeStyle colorMapper="NodeColorRamp"
                                                   outlineColor="Black"
                                                   outlineWidth="1">
                                          <NodeText textColor="Black"
                                                        textFont="SansSerif"
                                                        textSize="12 pt"
                                                        textFlags="Bold" />
                                    </NodeStyle>
                                    <FlaggedNodeStyle color="CXFF8844"
                                                              outlineColor="Black"
                                                              outlineWidth="3" >
                                          <FlaggedNodeText textColor="Black"
                                                        textFont="SansSerif"
                                                        textSize="12 pt"
                                                        textFlags="Italic" />
                                    </FlaggedNodeStyle>
                                    <LinkStyle textVisible="True"
                                                   colorMapper="LinkColorRamp"
                                                   linkStyle="Manhattan"
                                                   staticWidth="3" >
                                          <LinkText textColor="Black"
                                                        textFont="SansSerif"
                                                        textSize="10 pt"
                                                        textFlags="Bold" />
                                    </LinkStyle>
                                    <GraphStyle numBars="3"
                                                      numStacks="3"
                                                      axisMin="0"
                                                      axisMax="20"
                                                      orientation="Vertical"
                                                      visible="True" >
                                    </GraphStyle>
                              </DecisionTree>
                              </Charts>
                        </ChartArea>
                  </ChartAreas>
            </Graph>
      </Body>
      </Section>
      </View>

  </SASReport>

