﻿<SASReport version="1.0">
      <Data>
            <IQData type="2DEmbedded" name="TreeData">
                  <EmbeddedData>
                        <Variables>
                              <Variable name="Var1" varName="Var1" type="String" />
                              <Variable name="Var2" varName="Var2" type="String" />
                              <Variable name="Var3" varName="Var3" type="Numeric" />
                              <Variable name="Var4" varName="Var4" type="Numeric" />
                              <Variable name="Var5" varName="Var5" type="Numeric" />
                              <Variable name="Var6" varName="Var6" type="Numeric" />
                              <Variable name="Var7" varName="Var7" type="String"  />
                              <Variable name="Var8" varName="Var8" type="String" />
                              <Variable name="Var9" varName="Var9" type="Numeric" />
                        </Variables>
                        <ValuesList>
    <Values>
      <Value>Non-Missing Values</Value>
      <Value>VALOR_REEMBOLSADO</Value>
      <Value>10</Value>
      <Value>95.92</Value>
      <Value>1</Value>
      <Value>0</Value>
      <Value>          5:        95.9%
 Count:       185793</Value>
      <Value>Node Id:            1&#10;&#10;5:        95.9%&#10;2:         4.0%&#10;6:         0.1%&#10;1:         0.0%&#10;4:         0.0%&#10;3:         0.0%&#10; Count:       185793</Value>
      <Value>185793</Value>
    </Values>
    <Values>
      <Value>&lt; 21856.105 Or Missing</Value>
      <Value>VALOR_REEMBOLSADO</Value>
      <Value>9.9875129849</Value>
      <Value>96.04</Value>
      <Value>2</Value>
      <Value>1</Value>
      <Value>          5:        96.0%
 Count:       185561</Value>
      <Value>Node Id:            2&#10;&#10;5:        96.0%&#10;2:         4.0%&#10;6:         0.0%&#10;1:         0.0%&#10;4:         0.0%&#10;3:         0.0%&#10; Count:       185561</Value>
      <Value>185561</Value>
    </Values>
    <Values>
      <Value>&gt;= 21856.105</Value>
      <Value></Value>
      <Value>0.0124870151</Value>
      <Value>95.69</Value>
      <Value>3</Value>
      <Value>1</Value>
      <Value>          6:        95.7%
 Count:          232</Value>
      <Value>Node Id:            3&#10;&#10;5:         0.0%&#10;2:         1.7%&#10;6:        95.7%&#10;1:         0.9%&#10;4:         0.4%&#10;3:         1.3%&#10; Count:          232</Value>
      <Value>232</Value>
    </Values>
    <Values>
      <Value>&lt; 4440.295 Or Missing</Value>
      <Value>VALOR_REEMBOLSADO</Value>
      <Value>9.6336783409</Value>
      <Value>99.56</Value>
      <Value>4</Value>
      <Value>2</Value>
      <Value>          5:        99.6%
 Count:       178987</Value>
      <Value>Node Id:            4&#10;&#10;5:        99.6%&#10;2:         0.4%&#10;6:         0.0%&#10;1:         0.0%&#10;4:         0.0%&#10;3:         0.0%&#10; Count:       178987</Value>
      <Value>178987</Value>
    </Values>
    <Values>
      <Value>&gt;= 4440.295</Value>
      <Value></Value>
      <Value>0.3538346439</Value>
      <Value>99.91</Value>
      <Value>5</Value>
      <Value>2</Value>
      <Value>          2:        99.9%
 Count:         6574</Value>
      <Value>Node Id:            5&#10;&#10;5:         0.1%&#10;2:        99.9%&#10;6:         0.0%&#10;1:         0.0%&#10;4:         0.0%&#10;3:         0.0%&#10; Count:         6574</Value>
      <Value>6574</Value>
    </Values>
    <Values>
      <Value>&lt; 3977 Or Missing</Value>
      <Value>VALOR_REEMBOLSADO</Value>
      <Value>9.5589177203</Value>
      <Value>99.9</Value>
      <Value>6</Value>
      <Value>4</Value>
      <Value>          5:        99.9%
 Count:       177598</Value>
      <Value>Node Id:            6&#10;&#10;5:        99.9%&#10;2:         0.1%&#10;6:         0.0%&#10;1:         0.0%&#10;4:         0.0%&#10;3:         0.0%&#10; Count:       177598</Value>
      <Value>177598</Value>
    </Values>
    <Values>
      <Value>&gt;= 3977</Value>
      <Value>TIPO_DESPESA</Value>
      <Value>0.0747606207</Value>
      <Value>56.08</Value>
      <Value>7</Value>
      <Value>4</Value>
      <Value>          5:        56.1%
 Count:         1389</Value>
      <Value>Node Id:            7&#10;&#10;5:        56.1%&#10;2:        43.9%&#10;6:         0.0%&#10;1:         0.0%&#10;4:         0.0%&#10;3:         0.0%&#10; Count:         1389</Value>
      <Value>1389</Value>
    </Values>
    <Values>
      <Value>&lt; 3409.385 Or Missing</Value>
      <Value></Value>
      <Value>9.4666645137</Value>
      <Value>100</Value>
      <Value>10</Value>
      <Value>6</Value>
      <Value>          5:       100.0%
 Count:       175884</Value>
      <Value>Node Id:           10&#10;&#10;5:       100.0%&#10;2:         0.0%&#10;6:         0.0%&#10;1:         0.0%&#10;4:         0.0%&#10;3:         0.0%&#10; Count:       175884</Value>
      <Value>175884</Value>
    </Values>
    <Values>
      <Value>&gt;= 3409.385</Value>
      <Value>TIPO_DESPESA</Value>
      <Value>0.0922532065</Value>
      <Value>89.96</Value>
      <Value>11</Value>
      <Value>6</Value>
      <Value>          5:        90.0%
 Count:         1714</Value>
      <Value>Node Id:           11&#10;&#10;5:        90.0%&#10;2:        10.0%&#10;6:         0.0%&#10;1:         0.0%&#10;4:         0.0%&#10;3:         0.0%&#10; Count:         1714</Value>
      <Value>1714</Value>
    </Values>
    <Values>
      <Value>LOCOMOÇÃO, HOSPEDAGEM, ALIMENTAÇ, ... Or Missing</Value>
      <Value>VALOR_REEMBOLSADO</Value>
      <Value>0.0488177703</Value>
      <Value>83.57</Value>
      <Value>12</Value>
      <Value>7</Value>
      <Value>          5:        83.6%
 Count:          907</Value>
      <Value>Node Id:           12&#10;&#10;5:        83.6%&#10;2:        16.4%&#10;6:         0.0%&#10;1:         0.0%&#10;4:         0.0%&#10;3:         0.0%&#10; Count:          907</Value>
      <Value>907</Value>
    </Values>
    <Values>
      <Value>DIVULGAÇÃO DA ATIVIDADE PARLAMEN, ...</Value>
      <Value></Value>
      <Value>0.0259428504</Value>
      <Value>95.64</Value>
      <Value>13</Value>
      <Value>7</Value>
      <Value>          2:        95.6%
 Count:          482</Value>
      <Value>Node Id:           13&#10;&#10;5:         4.4%&#10;2:        95.6%&#10;6:         0.0%&#10;1:         0.0%&#10;4:         0.0%&#10;3:         0.0%&#10; Count:          482</Value>
      <Value>482</Value>
    </Values>
    <Values>
      <Value>SERVIÇOS DE SEGURANÇA PRIVADA, ...</Value>
      <Value></Value>
      <Value>0.0124331918</Value>
      <Value>70.13</Value>
      <Value>14</Value>
      <Value>11</Value>
      <Value>          2:        70.1%
 Count:          231</Value>
      <Value>Node Id:           14&#10;&#10;5:        29.9%&#10;2:        70.1%&#10;6:         0.0%&#10;1:         0.0%&#10;4:         0.0%&#10;3:         0.0%&#10; Count:          231</Value>
      <Value>231</Value>
    </Values>
    <Values>
      <Value>LOCOMOÇÃO, HOSPEDAGEM, ALIMENTAÇ, ... Or Missing</Value>
      <Value></Value>
      <Value>0.0798200147</Value>
      <Value>99.33</Value>
      <Value>15</Value>
      <Value>11</Value>
      <Value>          5:        99.3%
 Count:         1483</Value>
      <Value>Node Id:           15&#10;&#10;5:        99.3%&#10;2:         0.7%&#10;6:         0.0%&#10;1:         0.0%&#10;4:         0.0%&#10;3:         0.0%&#10; Count:         1483</Value>
      <Value>1483</Value>
    </Values>
    <Values>
      <Value>&lt; 4300.4 Or Missing</Value>
      <Value></Value>
      <Value>0.0385913355</Value>
      <Value>94.7</Value>
      <Value>16</Value>
      <Value>12</Value>
      <Value>          5:        94.7%
 Count:          717</Value>
      <Value>Node Id:           16&#10;&#10;5:        94.7%&#10;2:         5.3%&#10;6:         0.0%&#10;1:         0.0%&#10;4:         0.0%&#10;3:         0.0%&#10; Count:          717</Value>
      <Value>717</Value>
    </Values>
    <Values>
      <Value>&gt;= 4300.4</Value>
      <Value></Value>
      <Value>0.0102264348</Value>
      <Value>58.42</Value>
      <Value>17</Value>
      <Value>12</Value>
      <Value>          2:        58.4%
 Count:          190</Value>
      <Value>Node Id:           17&#10;&#10;5:        41.6%&#10;2:        58.4%&#10;6:         0.0%&#10;1:         0.0%&#10;4:         0.0%&#10;3:         0.0%&#10; Count:          190</Value>
      <Value>190</Value>
    </Values>
                        </ValuesList>
                  </EmbeddedData>
            </IQData>
      </Data>

      <View>
            <Section>
                  <Body>
                        <Graph name="DecisionTree" >
                              <ChartDataList>
                                    <ChartData name="DTreeData" data="TreeData" >
                                          <Roles>
                                                <Role type="AboveText"   variable="Var1" > </Role>
                                                <Role type="BelowText"   variable="Var2" > </Role>
                                                <Role type="LinkWidth"   variable="Var3" > </Role>
                                                <Role type="NodeColor"   variable="Var4" > </Role>
                                                <Role type="ID"      variable="Var5" > </Role>
                                                <Role type="Parent"    variable="Var6" > </Role>
                                                <Role type="NodeText"    variable="Var7" > </Role>
                                                <Role type="ToolTipText" variable="Var8" > </Role>
                                                <Role type="NodeSize"    variable="Var9" > </Role>
                                          </Roles>
                                    </ChartData>
                              </ChartDataList>
                              <ColorMappers>
                                    <ColorRamp  name="NodeColorRamp"
                                                      underFlowColor="Red"
                                                      overflowColor="Green"
                                                      low="0"
                                                      high="1000"
                                                      beginColor="CX0000FF"
                                                      endColor="CXFFFFFF" >
                                    </ColorRamp>
                                    <ColorRamp  name="LinkColorRamp"
                                                      low="1"
                                                      high="10"
                                                      beginColor="CX000000"
                                                      endColor="CX000000" >
                                    </ColorRamp>
                              </ColorMappers>
                              <ChartAreas>
                                    <ChartArea>
                                          <Charts>
                                          <DecisionTree name="DTree"
                                                  chartData="DTreeData"
                                                  selectionColor="CX00FF00"
                                                  orientation="Vertical"
                                                  emptyNodes="False"
                                                  legendVisible="False"
                                                  titleAnchor="Root"
                                                  footnoteAnchor="Chart"
                                                  displayDepth="4" >

                                    <SplitVarList>
                                          <SplitVar name="SPLIT VAR A" type="DISCRETE" missingBranch="3" values="1,A:1,B:2,C:3,D"/>
                                          <SplitVar name="SPLIT VAR B" type="CONTINUOUS" breaks="10:50:100" />
                                    </SplitVarList>

                                    <IciclePlot isVisible="True"></IciclePlot>

                                    <NodeStyle colorMapper="NodeColorRamp"
                                                   outlineColor="Black"
                                                   outlineWidth="1">
                                          <NodeText textColor="Black"
                                                        textFont="SansSerif"
                                                        textSize="12 pt"
                                                        textFlags="Bold" />
                                    </NodeStyle>
                                    <FlaggedNodeStyle color="CXFF8844"
                                                              outlineColor="Black"
                                                              outlineWidth="3" >
                                          <FlaggedNodeText textColor="Black"
                                                        textFont="SansSerif"
                                                        textSize="12 pt"
                                                        textFlags="Italic" />
                                    </FlaggedNodeStyle>
                                    <LinkStyle textVisible="True"
                                                   colorMapper="LinkColorRamp"
                                                   linkStyle="Manhattan"
                                                   staticWidth="3" >
                                          <LinkText textColor="Black"
                                                        textFont="SansSerif"
                                                        textSize="10 pt"
                                                        textFlags="Bold" />
                                    </LinkStyle>
                                    <GraphStyle numBars="3"
                                                      numStacks="3"
                                                      axisMin="0"
                                                      axisMax="20"
                                                      orientation="Vertical"
                                                      visible="True" >
                                    </GraphStyle>
                              </DecisionTree>
                              </Charts>
                        </ChartArea>
                  </ChartAreas>
            </Graph>
      </Body>
      </Section>
      </View>

  </SASReport>

